专家编码,平均分,标准差,原始分1,原始分2,原始分3,原始分4,原始分5,原始分6,原始分7,原始分8,原始分9,原始分10,原始分11,原始分12,原始分13,原始分14,原始分15,原始分16,原始分17,原始分18,原始分19,原始分20,原始分21,原始分22,原始分23,原始分24,原始分25,原始分26,原始分27,原始分28,原始分29,原始分30,原始分31,原始分32,原始分33,原始分34,原始分35,原始分36,原始分37,原始分38,原始分39,原始分40,原始分41,原始分42,原始分43,原始分44,原始分45,原始分46,原始分47,原始分48,原始分49,原始分50,原始分51,原始分52,原始分53,原始分54,原始分55,原始分56,原始分57,原始分58,原始分59,原始分60,原始分61,原始分62,原始分63,原始分64,原始分65,原始分66,原始分67,原始分68,原始分69,原始分70,原始分71,原始分72,原始分73,原始分74,原始分75,原始分76,原始分77,原始分78,原始分79,原始分80,原始分81,原始分82,原始分83,原始分84,原始分85,原始分86,原始分87,原始分88,原始分89,原始分90,原始分91,原始分92,原始分93,原始分94,原始分95,原始分96,原始分97,原始分98,原始分99,原始分100,原始分101,原始分102,原始分103,原始分104,原始分105,原始分106,原始分107,原始分108,原始分109
P005,51.44230769230769,19.812630532148816,90.0,85.0,70.0,65.0,65.0,60.0,70.0,60.0,90.0,75.0,75.0,85.0,80.0,80.0,85.0,80.0,80.0,75.0,50.0,50.0,50.0,40.0,50.0,55.0,55.0,50.0,20.0,50.0,45.0,30.0,30.0,25.0,55.0,30.0,55.0,45.0,40.0,2.0,60.0,75.0,60.0,60.0,30.0,50.0,20.0,50.0,10.0,30.0,60.0,55.0,35.0,20.0,15.0,40.0,40.0,50.0,25.0,60.0,45.0,63.0,45.0,60.0,55.0,15.0,30.0,25.0,70.0,50.0,60.0,10.0,20.0,30.0,35.0,45.0,55.0,40.0,20.0,40.0,50.0,35.0,45.0,45.0,30.0,40.0,65.0,65.0,75.0,60.0,55.0,75.0,65.0,55.0,50.0,70.0,80.0,75.0,35.0,60.0,60.0,65.0,75.0,50.0,70.0,45.0,,,,,
P022,51.97115384615385,15.25158386221571,75.0,64.0,73.0,72.0,78.0,86.0,68.0,64.0,55.0,65.0,67.0,62.0,78.0,58.0,52.0,65.0,70.0,53.0,60.0,54.0,56.0,56.0,54.0,52.0,54.0,55.0,42.0,52.0,43.0,45.0,60.0,46.0,48.0,45.0,43.0,57.0,50.0,35.0,52.0,55.0,67.0,32.0,56.0,58.0,58.0,48.0,5.0,62.0,60.0,50.0,38.0,68.0,45.0,45.0,28.0,45.0,50.0,50.0,35.0,56.0,45.0,53.0,58.0,25.0,54.0,15.0,50.0,45.0,58.0,50.0,61.0,52.0,20.0,15.0,40.0,60.0,30.0,41.0,50.0,52.0,56.0,56.0,60.0,0.0,47.0,0.0,60.0,43.0,68.0,50.0,78.0,62.0,48.0,50.0,61.0,56.0,67.0,65.0,55.0,62.0,52.0,58.0,46.0,56.0,,,,,
P056,56.50485436893204,16.070844253728655,86.0,72.0,78.0,71.0,68.0,72.0,84.0,81.0,81.0,75.0,48.0,77.0,77.0,71.0,70.0,59.0,15.0,57.0,49.0,53.0,60.0,46.0,45.0,63.0,49.0,67.0,44.0,27.0,53.0,26.0,25.0,68.0,55.0,39.0,43.0,49.0,70.0,20.0,78.0,43.0,59.0,55.0,55.0,59.0,26.0,64.0,79.0,25.0,69.0,63.0,65.0,44.0,52.0,53.0,44.0,46.0,48.0,52.0,39.0,54.0,57.0,66.0,59.0,61.0,58.0,23.0,65.0,54.0,79.0,53.0,6.0,56.0,65.0,65.0,56.0,49.0,38.0,51.0,55.0,55.0,78.0,63.0,37.0,59.0,59.0,47.0,37.0,64.0,52.0,66.0,60.0,73.0,72.0,87.0,54.0,73.0,65.0,41.0,68.0,63.0,62.0,45.0,59.0,,,,,,
P069,52.310679611650485,17.54826907625979,80.0,80.0,70.0,66.0,61.0,68.0,69.0,70.0,76.0,68.0,63.0,75.0,59.0,61.0,16.0,54.0,12.0,40.0,45.0,66.0,41.0,41.0,46.0,39.0,46.0,50.0,29.0,34.0,58.0,56.0,60.0,20.0,51.0,57.0,55.0,56.0,62.0,33.0,24.0,49.0,63.0,28.0,28.0,61.0,20.0,66.0,48.0,20.0,68.0,62.0,0.0,17.0,30.0,65.0,47.0,61.0,46.0,54.0,45.0,64.0,58.0,60.0,39.0,50.0,65.0,0.0,28.0,51.0,52.0,52.0,23.0,66.0,56.0,46.0,55.0,30.0,58.0,26.0,61.0,68.0,62.0,65.0,47.0,67.0,74.0,67.0,61.0,54.0,37.0,62.0,65.0,64.0,70.0,49.0,59.0,71.0,73.0,67.0,74.0,66.0,63.0,63.0,65.0,,,,,,
P070,44.98076923076923,20.383212571681263,80.0,72.0,61.0,70.0,54.0,62.0,46.0,60.0,51.0,66.0,70.0,69.0,71.0,66.0,80.0,19.0,48.0,33.0,70.0,61.0,8.0,54.0,51.0,53.0,62.0,50.0,27.0,30.0,18.0,40.0,22.0,2.0,6.0,8.0,2.0,43.0,46.0,50.0,35.0,39.0,54.0,72.0,5.0,56.0,46.0,19.0,55.0,42.0,32.0,37.0,36.0,50.0,16.0,12.0,52.0,47.0,6.0,7.0,7.0,62.0,9.0,56.0,56.0,48.0,12.0,26.0,5.0,26.0,47.0,17.0,35.0,42.0,33.0,55.0,28.0,42.0,58.0,60.0,38.0,41.0,54.0,54.0,32.0,70.0,61.0,56.0,72.0,54.0,60.0,65.0,60.0,60.0,51.0,40.0,56.0,69.0,70.0,64.0,65.0,44.0,66.0,44.0,53.0,56.0,,,,,
P082,56.90384615384615,17.194783150355576,80.0,80.0,83.0,85.0,69.0,65.0,85.0,80.0,83.0,73.0,75.0,67.0,77.0,63.0,78.0,80.0,85.0,87.0,68.0,59.0,64.0,78.0,65.0,55.0,60.0,45.0,53.0,30.0,45.0,40.0,65.0,50.0,10.0,63.0,56.0,55.0,47.0,55.0,60.0,67.0,73.0,58.0,56.0,56.0,60.0,54.0,50.0,50.0,57.0,58.0,40.0,10.0,65.0,62.0,53.0,50.0,64.0,20.0,53.0,64.0,20.0,63.0,67.0,35.0,57.0,30.0,57.0,48.0,55.0,54.0,57.0,60.0,0.0,50.0,58.0,53.0,50.0,50.0,10.0,63.0,50.0,30.0,45.0,40.0,58.0,60.0,55.0,53.0,56.0,64.0,59.0,62.0,53.0,67.0,75.0,76.0,66.0,56.0,75.0,63.0,55.0,60.0,15.0,50.0,,,,,
P090,57.57281553398058,12.858659965668952,85.0,74.0,88.0,68.0,72.0,72.0,68.0,80.0,76.0,64.0,72.0,78.0,68.0,68.0,60.0,64.0,40.0,45.0,40.0,53.0,30.0,68.0,58.0,45.0,58.0,58.0,64.0,45.0,40.0,55.0,48.0,35.0,53.0,58.0,45.0,53.0,30.0,64.0,62.0,30.0,53.0,40.0,35.0,35.0,40.0,57.0,48.0,64.0,53.0,62.0,40.0,53.0,58.0,55.0,53.0,30.0,58.0,60.0,60.0,30.0,62.0,30.0,65.0,40.0,58.0,65.0,53.0,62.0,68.0,64.0,53.0,58.0,35.0,64.0,58.0,53.0,74.0,53.0,58.0,62.0,68.0,60.0,58.0,70.0,64.0,66.0,64.0,64.0,68.0,70.0,68.0,66.0,64.0,74.0,68.0,45.0,65.0,61.0,66.0,58.0,68.0,64.0,58.0,,,,,,
P118,56.44230769230769,17.373021671588788,80.0,68.0,72.0,67.0,70.0,72.0,80.0,70.0,77.0,71.0,68.0,78.0,54.0,81.0,72.0,76.0,72.0,71.0,71.0,56.0,30.0,64.0,75.0,30.0,30.0,46.0,42.0,42.0,70.0,30.0,78.0,40.0,57.0,46.0,73.0,30.0,37.0,52.0,65.0,40.0,30.0,47.0,60.0,20.0,56.0,72.0,66.0,52.0,26.0,43.0,69.0,73.0,64.0,42.0,32.0,40.0,59.0,44.0,48.0,50.0,30.0,68.0,60.0,63.0,48.0,62.0,20.0,65.0,32.0,20.0,30.0,38.0,20.0,72.0,20.0,40.0,60.0,62.0,70.0,69.0,50.0,55.0,40.0,35.0,40.0,47.0,74.0,73.0,66.0,70.0,80.0,78.0,66.0,65.0,64.0,78.0,70.0,78.0,68.0,64.0,68.0,70.0,64.0,62.0,,,,,
P120,53.77669902912621,21.72056585712321,83.0,71.0,86.0,70.0,70.0,74.0,86.0,77.0,69.0,82.0,66.0,78.0,71.0,62.0,66.0,42.0,22.0,77.0,74.0,73.0,77.0,22.0,21.0,40.0,16.0,35.0,68.0,21.0,64.0,14.0,42.0,58.0,73.0,28.0,43.0,68.0,64.0,67.0,36.0,12.0,46.0,43.0,55.0,36.0,74.0,45.0,58.0,51.0,28.0,41.0,73.0,69.0,14.0,18.0,62.0,74.0,62.0,16.0,16.0,2.0,33.0,52.0,19.0,53.0,42.0,41.0,21.0,20.0,42.0,39.0,53.0,60.0,66.0,60.0,10.0,30.0,65.0,74.0,62.0,12.0,64.0,75.0,70.0,72.0,58.0,72.0,49.0,74.0,72.0,69.0,71.0,73.0,54.0,71.0,78.0,70.0,62.0,72.0,64.0,43.0,43.0,79.0,79.0,,,,,,
P125,49.36190476190476,14.555017512821301,78.0,80.0,65.0,54.0,64.0,52.0,80.0,55.0,50.0,73.0,65.0,75.0,69.0,65.0,57.0,35.0,20.0,25.0,50.0,30.0,35.0,50.0,25.0,52.0,45.0,50.0,30.0,55.0,70.0,40.0,30.0,55.0,45.0,48.0,35.0,55.0,36.0,25.0,35.0,50.0,55.0,50.0,30.0,45.0,50.0,55.0,45.0,55.0,30.0,30.0,25.0,50.0,35.0,35.0,40.0,40.0,40.0,53.0,45.0,35.0,57.0,50.0,30.0,50.0,58.0,35.0,55.0,40.0,30.0,30.0,30.0,60.0,60.0,60.0,50.0,20.0,45.0,45.0,48.0,35.0,20.0,50.0,50.0,62.0,65.0,66.0,60.0,60.0,70.0,70.0,60.0,70.0,68.0,55.0,56.0,65.0,35.0,68.0,48.0,60.0,50.0,63.0,50.0,55.0,68.0,,,,
P126,65.36538461538461,16.013985206085707,89.0,86.0,74.0,79.0,82.0,79.0,82.0,74.0,82.0,80.0,78.0,78.0,78.0,75.0,83.0,72.0,73.0,20.0,60.0,76.0,74.0,25.0,65.0,72.0,30.0,76.0,53.0,66.0,72.0,67.0,5.0,45.0,30.0,45.0,53.0,59.0,50.0,40.0,72.0,58.0,50.0,68.0,74.0,68.0,56.0,50.0,62.0,79.0,74.0,45.0,20.0,72.0,74.0,74.0,35.0,74.0,70.0,65.0,20.0,74.0,65.0,68.0,73.0,74.0,62.0,73.0,69.0,59.0,55.0,73.0,69.0,50.0,61.0,72.0,59.0,73.0,40.0,73.0,65.0,52.0,70.0,73.0,75.0,71.0,65.0,71.0,77.0,85.0,67.0,71.0,69.0,75.0,68.0,76.0,78.0,79.0,75.0,65.0,77.0,73.0,72.0,72.0,66.0,82.0,,,,,
P127,44.78846153846154,15.507388202798458,62.0,59.0,66.0,55.0,68.0,66.0,66.0,58.0,60.0,55.0,65.0,53.0,58.0,57.0,54.0,64.0,55.0,70.0,63.0,63.0,7.0,27.0,20.0,38.0,31.0,40.0,66.0,10.0,39.0,10.0,29.0,28.0,35.0,36.0,52.0,24.0,55.0,28.0,16.0,38.0,53.0,39.0,53.0,25.0,60.0,35.0,58.0,17.0,42.0,34.0,32.0,40.0,10.0,60.0,42.0,20.0,40.0,35.0,46.0,44.0,21.0,46.0,41.0,57.0,43.0,63.0,46.0,15.0,17.0,44.0,58.0,42.0,49.0,32.0,52.0,41.0,54.0,43.0,29.0,33.0,42.0,56.0,27.0,41.0,30.0,69.0,54.0,58.0,57.0,42.0,58.0,58.0,47.0,41.0,44.0,44.0,61.0,55.0,51.0,65.0,53.0,46.0,42.0,60.0,,,,,
P132,74.74038461538461,9.6280286545567,82.0,85.0,90.0,95.0,72.0,93.0,79.0,88.0,83.0,75.0,78.0,72.0,85.0,94.0,86.0,80.0,80.0,90.0,85.0,91.0,78.0,88.0,68.0,75.0,70.0,67.0,68.0,65.0,73.0,72.0,62.0,89.0,68.0,75.0,60.0,63.0,62.0,63.0,73.0,78.0,60.0,75.0,77.0,79.0,78.0,60.0,75.0,60.0,63.0,88.0,78.0,70.0,73.0,78.0,85.0,62.0,61.0,65.0,74.0,60.0,61.0,60.0,75.0,65.0,75.0,68.0,68.0,63.0,66.0,72.0,60.0,65.0,80.0,61.0,65.0,66.0,76.0,75.0,60.0,76.0,73.0,80.0,68.0,70.0,78.0,85.0,76.0,95.0,82.0,80.0,86.0,79.0,70.0,90.0,80.0,82.0,86.0,78.0,78.0,76.0,73.0,84.0,86.0,60.0,,,,,
P138,53.27884615384615,10.344978361335027,71.0,65.0,63.0,67.0,59.0,67.0,64.0,62.0,64.0,54.0,63.0,63.0,61.0,70.0,70.0,56.0,53.0,48.0,55.0,45.0,35.0,44.0,44.0,55.0,53.0,53.0,50.0,53.0,50.0,52.0,52.0,25.0,38.0,50.0,58.0,50.0,50.0,50.0,46.0,55.0,50.0,52.0,58.0,60.0,56.0,52.0,53.0,64.0,40.0,58.0,55.0,38.0,53.0,55.0,44.0,50.0,58.0,59.0,50.0,29.0,29.0,43.0,56.0,52.0,50.0,50.0,55.0,55.0,48.0,55.0,4.0,21.0,50.0,56.0,56.0,53.0,66.0,54.0,56.0,38.0,52.0,52.0,52.0,48.0,53.0,53.0,53.0,53.0,60.0,59.0,58.0,65.0,66.0,51.0,65.0,54.0,66.0,65.0,62.0,61.0,60.0,59.0,53.0,57.0,,,,,
P143,42.90384615384615,10.617369201115716,50.0,52.0,50.0,50.0,60.0,50.0,54.0,50.0,45.0,48.0,52.0,50.0,58.0,50.0,51.0,55.0,46.0,52.0,40.0,43.0,45.0,20.0,42.0,42.0,42.0,44.0,45.0,20.0,43.0,45.0,30.0,20.0,44.0,45.0,51.0,30.0,44.0,40.0,52.0,45.0,48.0,44.0,44.0,48.0,30.0,47.0,40.0,35.0,20.0,45.0,40.0,38.0,52.0,52.0,25.0,30.0,25.0,20.0,10.0,41.0,48.0,30.0,40.0,43.0,51.0,45.0,45.0,55.0,4.0,45.0,5.0,36.0,45.0,45.0,47.0,50.0,43.0,45.0,35.0,43.0,47.0,40.0,40.0,35.0,50.0,52.0,47.0,48.0,48.0,40.0,47.0,46.0,56.0,43.0,50.0,53.0,46.0,45.0,52.0,48.0,49.0,48.0,53.0,50.0,,,,,
P150,59.47115384615385,15.273529821846031,74.0,78.0,88.0,71.0,75.0,66.0,69.0,77.0,66.0,65.0,75.0,78.0,66.0,76.0,76.0,54.0,53.0,50.0,46.0,55.0,77.0,62.0,63.0,57.0,52.0,75.0,58.0,51.0,41.0,44.0,47.0,59.0,55.0,70.0,54.0,15.0,64.0,72.0,55.0,64.0,42.0,55.0,13.0,26.0,83.0,55.0,52.0,60.0,63.0,54.0,63.0,55.0,20.0,62.0,70.0,57.0,59.0,51.0,13.0,57.0,38.0,37.0,65.0,80.0,62.0,14.0,58.0,52.0,62.0,61.0,16.0,50.0,56.0,56.0,53.0,58.0,52.0,65.0,63.0,58.0,65.0,73.0,65.0,62.0,73.0,66.0,55.0,72.0,64.0,62.0,74.0,75.0,59.0,68.0,69.0,75.0,75.0,63.0,78.0,68.0,68.0,74.0,60.0,63.0,,,,,
P163,41.07692307692308,20.515063046450788,73.0,68.0,60.0,74.0,61.0,69.0,73.0,56.0,53.0,67.0,75.0,58.0,60.0,55.0,66.0,50.0,80.0,85.0,74.0,79.0,65.0,67.0,20.0,51.0,37.0,20.0,25.0,10.0,38.0,5.0,40.0,35.0,40.0,29.0,36.0,23.0,10.0,60.0,38.0,55.0,0.0,20.0,18.0,0.0,40.0,65.0,20.0,27.0,52.0,35.0,10.0,20.0,41.0,40.0,22.0,37.0,20.0,37.0,20.0,0.0,45.0,36.0,10.0,22.0,25.0,50.0,10.0,41.0,37.0,22.0,5.0,20.0,20.0,47.0,40.0,50.0,50.0,50.0,18.0,35.0,20.0,26.0,47.0,42.0,51.0,65.0,52.0,28.0,52.0,46.0,45.0,53.0,45.0,63.0,35.0,48.0,46.0,55.0,41.0,54.0,61.0,55.0,0.0,45.0,,,,,
P170,64.00970873786407,8.84451214100438,74.0,69.0,70.0,71.0,67.0,70.0,70.0,69.0,71.0,73.0,70.0,79.0,67.0,68.0,71.0,73.0,70.0,65.0,69.0,70.0,67.0,56.0,59.0,62.0,68.0,67.0,51.0,63.0,63.0,59.0,60.0,66.0,62.0,45.0,62.0,60.0,64.0,20.0,71.0,72.0,49.0,69.0,68.0,71.0,40.0,63.0,63.0,68.0,63.0,68.0,69.0,68.0,66.0,58.0,65.0,55.0,62.0,45.0,66.0,50.0,59.0,60.0,70.0,70.0,40.0,65.0,49.0,62.0,61.0,67.0,35.0,64.0,69.0,63.0,66.0,61.0,63.0,67.0,61.0,69.0,68.0,69.0,67.0,69.0,65.0,65.0,69.0,67.0,72.0,63.0,60.0,68.0,67.0,65.0,72.0,71.0,70.0,72.0,71.0,69.0,65.0,69.0,50.0,,,,,,
P200,60.359223300970875,17.80991922834677,87.0,77.0,81.0,80.0,81.0,78.0,58.0,78.0,70.0,73.0,67.0,67.0,83.0,68.0,82.0,80.0,20.0,67.0,50.0,53.0,75.0,58.0,43.0,72.0,50.0,66.0,42.0,34.0,70.0,21.0,30.0,76.0,53.0,60.0,48.0,61.0,55.0,50.0,71.0,62.0,37.0,55.0,30.0,64.0,72.0,84.0,78.0,42.0,43.0,61.0,80.0,70.0,43.0,78.0,48.0,64.0,64.0,71.0,48.0,44.0,72.0,60.0,51.0,75.0,13.0,47.0,31.0,5.0,61.0,20.0,42.0,54.0,58.0,55.0,60.0,64.0,20.0,84.0,48.0,53.0,43.0,68.0,42.0,71.0,46.0,64.0,78.0,72.0,70.0,66.0,57.0,76.0,77.0,78.0,78.0,78.0,72.0,57.0,72.0,72.0,67.0,86.0,81.0,,,,,,
P212,54.737864077669904,16.442985968186296,75.0,74.0,74.0,76.0,77.0,80.0,86.0,75.0,68.0,68.0,71.0,73.0,74.0,83.0,81.0,74.0,85.0,79.0,66.0,74.0,64.0,63.0,30.0,30.0,55.0,76.0,52.0,41.0,30.0,51.0,30.0,58.0,60.0,60.0,30.0,37.0,62.0,62.0,58.0,66.0,48.0,43.0,45.0,45.0,38.0,30.0,56.0,58.0,30.0,30.0,42.0,56.0,62.0,53.0,53.0,62.0,50.0,30.0,56.0,30.0,49.0,57.0,30.0,70.0,66.0,30.0,30.0,44.0,30.0,57.0,51.0,32.0,55.0,47.0,45.0,30.0,77.0,76.0,36.0,30.0,35.0,38.0,30.0,31.0,45.0,56.0,54.0,46.0,48.0,43.0,57.0,60.0,57.0,74.0,61.0,57.0,68.0,63.0,62.0,62.0,71.0,63.0,70.0,,,,,,
P223,54.352380952380955,14.77001962942094,73.0,83.0,72.0,65.0,75.0,63.0,67.0,70.0,70.0,65.0,68.0,62.0,80.0,72.0,72.0,75.0,62.0,66.0,67.0,70.0,68.0,54.0,48.0,50.0,58.0,52.0,68.0,55.0,58.0,50.0,25.0,48.0,54.0,40.0,52.0,45.0,20.0,53.0,40.0,20.0,56.0,56.0,62.0,45.0,56.0,52.0,56.0,52.0,38.0,60.0,42.0,42.0,35.0,53.0,40.0,62.0,65.0,42.0,48.0,52.0,52.0,67.0,20.0,67.0,65.0,50.0,58.0,54.0,20.0,65.0,54.0,54.0,50.0,30.0,48.0,35.0,61.0,30.0,70.0,57.0,40.0,63.0,45.0,35.0,63.0,43.0,62.0,55.0,10.0,35.0,68.0,52.0,25.0,30.0,65.0,62.0,55.0,78.0,60.0,70.0,58.0,60.0,63.0,67.0,67.0,,,,
P225,59.95412844036697,22.720681279357912,86.0,85.0,82.0,84.0,85.0,85.0,73.0,89.0,89.0,82.0,80.0,79.0,78.0,87.0,85.0,80.0,58.0,5.0,65.0,33.0,20.0,58.0,10.0,84.0,55.0,35.0,60.0,18.0,73.0,75.0,52.0,18.0,73.0,58.0,65.0,85.0,43.0,55.0,78.0,65.0,36.0,71.0,54.0,68.0,65.0,68.0,68.0,29.0,10.0,25.0,28.0,64.0,61.0,42.0,35.0,48.0,61.0,56.0,76.0,75.0,74.0,28.0,70.0,82.0,30.0,25.0,71.0,75.0,45.0,59.0,71.0,55.0,58.0,18.0,81.0,46.0,33.0,61.0,0.0,63.0,55.0,68.0,8.0,66.0,65.0,18.0,35.0,10.0,60.0,75.0,74.0,75.0,69.0,86.0,80.0,68.0,71.0,79.0,65.0,69.0,79.0,81.0,76.0,69.0,75.0,73.0,83.0,68.0,80.0
P229,51.523809523809526,16.21555238634007,73.0,72.0,70.0,71.0,70.0,62.0,62.0,65.0,69.0,72.0,63.0,61.0,64.0,64.0,39.0,6.0,16.0,54.0,56.0,31.0,36.0,17.0,56.0,55.0,43.0,48.0,57.0,41.0,45.0,51.0,54.0,40.0,53.0,49.0,31.0,71.0,44.0,55.0,50.0,35.0,60.0,57.0,50.0,66.0,0.0,60.0,49.0,14.0,61.0,39.0,57.0,45.0,55.0,46.0,28.0,54.0,58.0,51.0,63.0,50.0,61.0,57.0,15.0,50.0,27.0,57.0,25.0,59.0,61.0,54.0,5.0,47.0,59.0,54.0,50.0,10.0,39.0,13.0,58.0,59.0,70.0,64.0,63.0,62.0,70.0,57.0,55.0,64.0,60.0,53.0,63.0,57.0,59.0,59.0,62.0,62.0,64.0,58.0,65.0,58.0,51.0,57.0,63.0,61.0,59.0,,,,
P230,40.650485436893206,14.262736817551762,72.0,46.0,68.0,57.0,47.0,65.0,46.0,50.0,52.0,68.0,65.0,52.0,49.0,51.0,55.0,65.0,45.0,52.0,64.0,45.0,49.0,62.0,48.0,45.0,10.0,25.0,32.0,42.0,41.0,44.0,30.0,23.0,35.0,46.0,10.0,48.0,33.0,32.0,8.0,51.0,45.0,45.0,38.0,31.0,38.0,35.0,36.0,23.0,44.0,28.0,35.0,44.0,45.0,39.0,44.0,40.0,45.0,27.0,42.0,46.0,25.0,40.0,41.0,10.0,43.0,41.0,0.0,43.0,10.0,48.0,43.0,32.0,42.0,43.0,38.0,42.0,42.0,10.0,43.0,32.0,22.0,15.0,40.0,35.0,38.0,10.0,44.0,10.0,46.0,51.0,42.0,45.0,53.0,38.0,52.0,46.0,45.0,53.0,42.0,62.0,43.0,43.0,46.0,,,,,,
P233,53.213592233009706,11.664972273684214,68.0,70.0,67.0,70.0,55.0,65.0,70.0,69.0,70.0,55.0,69.0,63.0,68.0,70.0,67.0,55.0,25.0,50.0,60.0,55.0,53.0,43.0,57.0,58.0,45.0,57.0,55.0,40.0,52.0,55.0,55.0,35.0,57.0,30.0,55.0,48.0,47.0,48.0,52.0,60.0,55.0,55.0,65.0,20.0,52.0,48.0,45.0,50.0,52.0,54.0,40.0,45.0,56.0,58.0,40.0,55.0,15.0,60.0,50.0,58.0,47.0,53.0,45.0,43.0,51.0,52.0,56.0,45.0,48.0,20.0,57.0,10.0,55.0,45.0,47.0,50.0,51.0,56.0,47.0,67.0,44.0,40.0,52.0,52.0,49.0,60.0,50.0,62.0,68.0,53.0,58.0,50.0,63.0,58.0,60.0,67.0,63.0,58.0,60.0,65.0,63.0,65.0,60.0,,,,,,
P235,77.83495145631068,13.952367911604025,92.0,92.0,95.0,90.0,92.0,92.0,86.0,91.0,92.0,89.0,78.0,86.0,82.0,91.0,87.0,80.0,84.0,84.0,63.0,86.0,76.0,78.0,76.0,30.0,85.0,50.0,85.0,88.0,85.0,75.0,72.0,79.0,74.0,79.0,86.0,86.0,86.0,79.0,74.0,64.0,77.0,82.0,89.0,81.0,73.0,79.0,80.0,83.0,83.0,30.0,93.0,74.0,76.0,83.0,83.0,75.0,75.0,79.0,60.0,79.0,86.0,65.0,30.0,30.0,82.0,62.0,81.0,89.0,80.0,78.0,72.0,65.0,78.0,50.0,83.0,80.0,72.0,73.0,82.0,78.0,76.0,80.0,20.0,89.0,81.0,81.0,79.0,80.0,82.0,90.0,81.0,78.0,79.0,88.0,80.0,81.0,86.0,88.0,82.0,84.0,77.0,81.0,85.0,,,,,,
P236,54.46601941747573,25.8285506770715,83.0,85.0,70.0,84.0,61.0,78.0,63.0,70.0,73.0,77.0,71.0,77.0,83.0,84.0,73.0,71.0,85.0,14.0,66.0,65.0,60.0,22.0,38.0,34.0,25.0,3.0,30.0,33.0,70.0,20.0,38.0,57.0,40.0,40.0,86.0,54.0,13.0,46.0,59.0,56.0,78.0,84.0,45.0,12.0,7.0,79.0,5.0,24.0,33.0,68.0,62.0,78.0,62.0,70.0,66.0,10.0,10.0,60.0,29.0,5.0,48.0,23.0,61.0,60.0,60.0,5.0,43.0,13.0,11.0,11.0,64.0,11.0,30.0,17.0,78.0,44.0,65.0,66.0,34.0,46.0,77.0,81.0,68.0,76.0,74.0,85.0,75.0,78.0,74.0,72.0,77.0,76.0,85.0,82.0,77.0,76.0,68.0,74.0,72.0,72.0,80.0,74.0,3.0,,,,,,
P240,56.00961538461539,12.504364435976832,73.0,72.0,75.0,72.0,68.0,68.0,69.0,70.0,74.0,75.0,68.0,73.0,68.0,66.0,69.0,68.0,69.0,69.0,68.0,44.0,49.0,50.0,35.0,68.0,10.0,43.0,50.0,40.0,57.0,56.0,58.0,50.0,30.0,55.0,42.0,43.0,54.0,53.0,43.0,30.0,43.0,53.0,10.0,60.0,60.0,63.0,67.0,59.0,51.0,46.0,43.0,46.0,63.0,53.0,65.0,48.0,35.0,60.0,44.0,48.0,55.0,63.0,50.0,62.0,48.0,66.0,42.0,55.0,55.0,65.0,52.0,53.0,49.0,47.0,54.0,35.0,44.0,60.0,50.0,60.0,58.0,46.0,55.0,55.0,45.0,53.0,58.0,48.0,66.0,62.0,65.0,65.0,66.0,60.0,63.0,69.0,63.0,63.0,57.0,66.0,67.0,59.0,70.0,70.0,,,,,
P255,51.86538461538461,17.01858361321968,77.0,76.0,62.0,76.0,70.0,78.0,62.0,59.0,53.0,64.0,69.0,60.0,70.0,47.0,79.0,67.0,68.0,69.0,77.0,64.0,78.0,65.0,62.0,53.0,20.0,35.0,57.0,62.0,60.0,20.0,44.0,50.0,42.0,10.0,45.0,47.0,47.0,25.0,65.0,20.0,25.0,56.0,31.0,15.0,45.0,54.0,42.0,10.0,56.0,54.0,55.0,33.0,59.0,47.0,54.0,35.0,35.0,20.0,54.0,25.0,49.0,54.0,29.0,46.0,42.0,61.0,25.0,57.0,29.0,20.0,27.0,58.0,50.0,15.0,34.0,61.0,61.0,51.0,65.0,59.0,57.0,56.0,35.0,67.0,60.0,59.0,57.0,68.0,59.0,54.0,69.0,71.0,53.0,69.0,55.0,69.0,53.0,49.0,62.0,57.0,68.0,65.0,60.0,70.0,,,,,
P256,45.66990291262136,13.117409737664511,75.0,66.0,60.0,60.0,75.0,68.0,65.0,50.0,66.0,50.0,63.0,68.0,50.0,68.0,44.0,32.0,50.0,50.0,10.0,40.0,10.0,46.0,45.0,44.0,45.0,48.0,40.0,38.0,40.0,45.0,25.0,40.0,58.0,20.0,46.0,50.0,42.0,52.0,20.0,25.0,45.0,42.0,38.0,50.0,43.0,42.0,20.0,40.0,10.0,43.0,42.0,37.0,40.0,38.0,50.0,10.0,47.0,42.0,40.0,37.0,40.0,50.0,38.0,40.0,25.0,45.0,50.0,40.0,58.0,47.0,43.0,38.0,50.0,40.0,60.0,45.0,46.0,45.0,47.0,40.0,40.0,40.0,58.0,45.0,65.0,52.0,62.0,68.0,50.0,47.0,45.0,55.0,45.0,58.0,42.0,60.0,43.0,48.0,48.0,50.0,47.0,42.0,62.0,,,,,,
P266,51.78504672897196,10.637268089291357,64.0,58.0,60.0,65.0,65.0,62.0,60.0,62.0,66.0,62.0,60.0,65.0,64.0,65.0,64.0,62.0,64.0,60.0,30.0,45.0,40.0,30.0,52.0,30.0,40.0,55.0,30.0,50.0,50.0,52.0,30.0,40.0,46.0,55.0,40.0,45.0,40.0,50.0,48.0,46.0,65.0,55.0,58.0,60.0,50.0,48.0,50.0,45.0,45.0,55.0,55.0,50.0,60.0,70.0,48.0,55.0,58.0,50.0,52.0,30.0,55.0,60.0,50.0,45.0,35.0,40.0,48.0,45.0,50.0,30.0,30.0,60.0,50.0,35.0,30.0,50.0,54.0,58.0,30.0,48.0,35.0,62.0,50.0,55.0,48.0,30.0,50.0,55.0,50.0,60.0,58.0,60.0,60.0,55.0,60.0,60.0,60.0,60.0,60.0,64.0,60.0,65.0,60.0,55.0,60.0,50.0,65.0,,
P267,52.980582524271846,16.33772284905803,82.0,82.0,76.0,65.0,70.0,60.0,70.0,80.0,72.0,74.0,68.0,58.0,83.0,74.0,66.0,73.0,71.0,70.0,45.0,48.0,50.0,52.0,52.0,0.0,35.0,33.0,47.0,30.0,55.0,64.0,50.0,49.0,60.0,55.0,30.0,35.0,60.0,56.0,43.0,30.0,33.0,47.0,30.0,31.0,57.0,57.0,6.0,50.0,68.0,35.0,30.0,45.0,35.0,47.0,43.0,48.0,62.0,59.0,67.0,58.0,34.0,35.0,33.0,50.0,42.0,58.0,54.0,6.0,56.0,60.0,70.0,58.0,65.0,36.0,61.0,50.0,30.0,58.0,61.0,55.0,48.0,48.0,42.0,42.0,35.0,47.0,32.0,63.0,63.0,56.0,56.0,61.0,53.0,70.0,60.0,65.0,65.0,72.0,66.0,62.0,53.0,70.0,75.0,,,,,,
P270,50.98076923076923,17.385397716804505,71.0,66.0,65.0,60.0,75.0,70.0,60.0,73.0,62.0,60.0,72.0,60.0,63.0,69.0,75.0,78.0,55.0,67.0,56.0,65.0,62.0,75.0,58.0,39.0,50.0,48.0,45.0,41.0,40.0,59.0,63.0,45.0,52.0,26.0,48.0,15.0,40.0,23.0,48.0,22.0,55.0,60.0,30.0,53.0,46.0,60.0,20.0,58.0,45.0,20.0,40.0,62.0,28.0,38.0,54.0,35.0,60.0,18.0,70.0,40.0,48.0,43.0,35.0,50.0,15.0,47.0,40.0,72.0,50.0,20.0,65.0,38.0,25.0,36.0,18.0,45.0,15.0,5.0,18.0,36.0,50.0,57.0,32.0,48.0,50.0,58.0,66.0,72.0,70.0,68.0,52.0,78.0,60.0,60.0,50.0,70.0,70.0,68.0,66.0,60.0,65.0,67.0,66.0,65.0,,,,,
P282,76.82692307692308,14.39892276694317,88.0,90.0,95.0,85.0,95.0,83.0,90.0,95.0,83.0,87.0,89.0,85.0,90.0,83.0,80.0,90.0,89.0,88.0,85.0,81.0,86.0,78.0,79.0,72.0,85.0,76.0,82.0,78.0,71.0,78.0,85.0,77.0,76.0,10.0,79.0,79.0,60.0,75.0,88.0,81.0,71.0,82.0,36.0,72.0,20.0,85.0,75.0,81.0,78.0,45.0,86.0,88.0,58.0,82.0,69.0,75.0,61.0,85.0,65.0,45.0,75.0,79.0,80.0,76.0,30.0,72.0,79.0,80.0,55.0,78.0,65.0,69.0,58.0,75.0,72.0,86.0,58.0,79.0,88.0,92.0,79.0,61.0,70.0,77.0,81.0,82.0,83.0,81.0,83.0,81.0,83.0,82.0,90.0,82.0,80.0,85.0,82.0,78.0,86.0,77.0,88.0,81.0,85.0,82.0,,,,,
P287,46.11214953271028,20.85227787330993,80.0,79.0,83.0,72.0,72.0,68.0,80.0,81.0,62.0,70.0,55.0,61.0,64.0,53.0,79.0,75.0,61.0,59.0,80.0,37.0,52.0,51.0,79.0,43.0,64.0,80.0,30.0,52.0,61.0,48.0,51.0,39.0,4.0,53.0,37.0,9.0,22.0,3.0,42.0,56.0,59.0,9.0,61.0,58.0,48.0,31.0,38.0,40.0,24.0,26.0,51.0,24.0,19.0,11.0,48.0,30.0,62.0,39.0,21.0,39.0,59.0,64.0,30.0,22.0,62.0,55.0,5.0,41.0,59.0,10.0,38.0,41.0,34.0,25.0,32.0,33.0,47.0,47.0,10.0,0.0,37.0,51.0,7.0,12.0,33.0,25.0,24.0,43.0,35.0,35.0,27.0,39.0,60.0,36.0,42.0,62.0,60.0,70.0,53.0,67.0,71.0,63.0,56.0,55.0,62.0,64.0,46.0,,
P294,52.640776699029125,20.07527714209696,78.0,71.0,64.0,62.0,72.0,70.0,65.0,73.0,70.0,73.0,91.0,81.0,84.0,73.0,87.0,72.0,72.0,65.0,71.0,82.0,59.0,77.0,10.0,49.0,39.0,42.0,41.0,67.0,41.0,10.0,59.0,39.0,33.0,45.0,41.0,30.0,31.0,68.0,41.0,33.0,5.0,51.0,67.0,39.0,43.0,10.0,45.0,58.0,54.0,39.0,63.0,43.0,39.0,33.0,44.0,50.0,38.0,67.0,54.0,54.0,55.0,59.0,43.0,40.0,35.0,64.0,48.0,15.0,52.0,52.0,48.0,59.0,39.0,52.0,59.0,71.0,0.0,10.0,0.0,47.0,64.0,53.0,48.0,51.0,47.0,0.0,39.0,40.0,73.0,63.0,59.0,68.0,78.0,50.0,71.0,74.0,69.0,69.0,67.0,65.0,63.0,63.0,73.0,,,,,,
P297,54.39423076923077,13.038716260914505,68.0,75.0,68.0,75.0,72.0,68.0,75.0,58.0,67.0,70.0,70.0,71.0,80.0,64.0,70.0,60.0,56.0,45.0,45.0,50.0,50.0,25.0,65.0,54.0,51.0,40.0,40.0,40.0,50.0,50.0,66.0,53.0,50.0,40.0,50.0,56.0,40.0,50.0,61.0,50.0,45.0,40.0,40.0,50.0,40.0,60.0,45.0,40.0,57.0,70.0,50.0,57.0,65.0,61.0,61.0,57.0,61.0,50.0,62.0,20.0,30.0,61.0,56.0,40.0,45.0,25.0,63.0,55.0,60.0,60.0,30.0,61.0,40.0,45.0,50.0,61.0,55.0,62.0,25.0,56.0,20.0,45.0,61.0,61.0,40.0,20.0,62.0,60.0,45.0,55.0,58.0,64.0,65.0,64.0,62.0,67.0,62.0,65.0,62.0,65.0,65.0,60.0,63.0,67.0,,,,,
P322,30.423076923076923,15.287339966657422,55.0,63.0,50.0,62.0,54.0,49.0,44.0,52.0,49.0,47.0,60.0,50.0,48.0,45.0,38.0,40.0,38.0,38.0,53.0,43.0,38.0,50.0,30.0,25.0,13.0,6.0,20.0,8.0,32.0,0.0,20.0,15.0,28.0,27.0,31.0,32.0,0.0,8.0,20.0,39.0,23.0,5.0,20.0,12.0,23.0,22.0,17.0,23.0,25.0,33.0,44.0,15.0,39.0,18.0,22.0,23.0,29.0,35.0,37.0,31.0,21.0,0.0,38.0,21.0,39.0,17.0,12.0,24.0,17.0,30.0,10.0,41.0,13.0,24.0,7.0,40.0,3.0,1.0,13.0,12.0,9.0,36.0,39.0,20.0,38.0,37.0,34.0,55.0,32.0,20.0,28.0,38.0,39.0,44.0,41.0,41.0,44.0,37.0,27.0,34.0,54.0,43.0,39.0,36.0,,,,,
P334,47.970588235294116,21.5679703311417,78.0,67.0,61.0,71.0,76.0,67.0,66.0,86.0,71.0,67.0,70.0,73.0,74.0,70.0,67.0,75.0,63.0,67.0,62.0,30.0,46.0,7.0,15.0,49.0,32.0,68.0,12.0,26.0,22.0,36.0,50.0,10.0,53.0,30.0,20.0,33.0,38.0,62.0,40.0,51.0,50.0,0.0,38.0,45.0,54.0,30.0,66.0,40.0,58.0,47.0,57.0,38.0,53.0,30.0,20.0,15.0,36.0,36.0,50.0,0.0,45.0,43.0,38.0,43.0,5.0,51.0,20.0,35.0,12.0,0.0,3.0,51.0,60.0,20.0,56.0,40.0,52.0,61.0,20.0,6.0,60.0,68.0,65.0,69.0,71.0,66.0,74.0,73.0,57.0,49.0,52.0,61.0,58.0,64.0,76.0,68.0,69.0,50.0,70.0,70.0,58.0,60.0,,,,,,,
P336,41.89320388349515,14.616611971207538,70.0,65.0,60.0,63.0,60.0,60.0,55.0,50.0,62.0,66.0,55.0,57.0,72.0,15.0,45.0,40.0,48.0,35.0,41.0,32.0,24.0,40.0,47.0,37.0,44.0,15.0,51.0,51.0,43.0,15.0,40.0,20.0,42.0,25.0,37.0,20.0,27.0,48.0,46.0,43.0,45.0,47.0,54.0,36.0,50.0,15.0,30.0,43.0,25.0,30.0,49.0,68.0,40.0,33.0,51.0,40.0,36.0,15.0,56.0,47.0,38.0,20.0,55.0,33.0,20.0,43.0,22.0,35.0,10.0,46.0,60.0,30.0,34.0,38.0,42.0,38.0,46.0,30.0,28.0,61.0,26.0,15.0,20.0,15.0,35.0,42.0,40.0,40.0,49.0,57.0,62.0,42.0,57.0,50.0,40.0,52.0,65.0,52.0,61.0,54.0,51.0,48.0,37.0,,,,,,
P339,45.68627450980392,12.442326668031077,70.0,62.0,67.0,62.0,65.0,60.0,65.0,58.0,60.0,53.0,62.0,38.0,73.0,35.0,30.0,35.0,42.0,31.0,20.0,45.0,20.0,48.0,38.0,37.0,42.0,43.0,36.0,54.0,36.0,54.0,58.0,25.0,53.0,47.0,55.0,25.0,51.0,25.0,42.0,42.0,56.0,30.0,25.0,25.0,32.0,45.0,32.0,53.0,37.0,45.0,50.0,40.0,25.0,32.0,33.0,30.0,45.0,38.0,20.0,55.0,52.0,48.0,34.0,52.0,30.0,42.0,30.0,48.0,43.0,48.0,60.0,35.0,37.0,52.0,51.0,40.0,46.0,35.0,40.0,56.0,58.0,60.0,63.0,66.0,51.0,58.0,50.0,55.0,56.0,47.0,49.0,38.0,56.0,45.0,60.0,52.0,57.0,53.0,48.0,60.0,36.0,51.0,,,,,,,
P344,50.10576923076923,17.337270179201134,79.0,66.0,65.0,78.0,75.0,68.0,60.0,68.0,76.0,71.0,77.0,55.0,62.0,65.0,71.0,79.0,65.0,69.0,57.0,75.0,57.0,74.0,61.0,55.0,38.0,53.0,47.0,46.0,60.0,49.0,45.0,20.0,10.0,38.0,10.0,42.0,35.0,56.0,37.0,25.0,46.0,44.0,52.0,40.0,30.0,43.0,46.0,55.0,20.0,39.0,40.0,55.0,10.0,45.0,50.0,15.0,58.0,45.0,53.0,12.0,53.0,57.0,15.0,53.0,47.0,52.0,52.0,57.0,27.0,40.0,20.0,58.0,51.0,40.0,47.0,20.0,20.0,10.0,15.0,43.0,50.0,47.0,58.0,50.0,67.0,56.0,53.0,53.0,61.0,50.0,58.0,55.0,60.0,67.0,61.0,58.0,60.0,62.0,55.0,62.0,64.0,63.0,64.0,63.0,,,,,
P350,42.53398058252427,9.02373290652193,52.0,70.0,62.0,58.0,54.0,58.0,50.0,58.0,52.0,64.0,48.0,46.0,47.0,60.0,50.0,53.0,53.0,56.0,55.0,56.0,43.0,44.0,50.0,46.0,30.0,46.0,42.0,30.0,36.0,38.0,41.0,31.0,42.0,30.0,30.0,58.0,30.0,35.0,42.0,35.0,30.0,39.0,42.0,42.0,40.0,35.0,35.0,40.0,42.0,36.0,33.0,32.0,38.0,35.0,51.0,41.0,45.0,45.0,40.0,38.0,43.0,47.0,41.0,40.0,46.0,31.0,30.0,44.0,42.0,30.0,43.0,30.0,42.0,41.0,41.0,31.0,40.0,47.0,30.0,30.0,34.0,36.0,32.0,31.0,38.0,37.0,30.0,42.0,30.0,33.0,48.0,48.0,40.0,42.0,49.0,46.0,47.0,52.0,46.0,49.0,46.0,51.0,45.0,,,,,,
P356,40.4392523364486,17.65613772702642,65.0,72.0,64.0,66.0,69.0,65.0,60.0,66.0,53.0,62.0,70.0,54.0,60.0,60.0,73.0,59.0,49.0,14.0,25.0,18.0,30.0,15.0,11.0,20.0,35.0,40.0,35.0,40.0,20.0,31.0,30.0,49.0,45.0,43.0,52.0,49.0,47.0,40.0,34.0,32.0,34.0,28.0,10.0,20.0,30.0,20.0,31.0,48.0,51.0,42.0,45.0,30.0,20.0,25.0,15.0,40.0,20.0,49.0,20.0,18.0,52.0,30.0,37.0,25.0,35.0,55.0,0.0,42.0,52.0,0.0,48.0,45.0,10.0,46.0,35.0,1.0,1.0,29.0,40.0,38.0,55.0,25.0,15.0,15.0,60.0,48.0,47.0,56.0,53.0,65.0,30.0,48.0,52.0,47.0,49.0,53.0,57.0,44.0,51.0,55.0,50.0,49.0,59.0,55.0,60.0,40.0,50.0,,
P370,50.45192307692308,19.358086946970058,66.0,72.0,70.0,65.0,60.0,78.0,65.0,68.0,76.0,77.0,52.0,69.0,75.0,70.0,72.0,74.0,68.0,65.0,78.0,72.0,2.0,50.0,38.0,35.0,45.0,45.0,40.0,72.0,58.0,30.0,50.0,40.0,15.0,46.0,47.0,26.0,53.0,43.0,46.0,52.0,40.0,57.0,35.0,62.0,47.0,40.0,60.0,38.0,6.0,32.0,48.0,48.0,12.0,30.0,30.0,62.0,6.0,35.0,55.0,10.0,60.0,1.0,50.0,56.0,40.0,60.0,10.0,46.0,15.0,35.0,56.0,50.0,2.0,65.0,35.0,53.0,50.0,45.0,10.0,60.0,62.0,73.0,57.0,65.0,68.0,56.0,58.0,60.0,55.0,65.0,60.0,70.0,57.0,67.0,66.0,57.0,35.0,72.0,50.0,68.0,56.0,66.0,54.0,73.0,,,,,
P372,53.51456310679612,19.527187722415857,80.0,78.0,68.0,83.0,67.0,77.0,77.0,68.0,73.0,74.0,66.0,78.0,76.0,75.0,70.0,70.0,63.0,70.0,30.0,44.0,20.0,48.0,47.0,20.0,26.0,30.0,45.0,35.0,35.0,50.0,30.0,47.0,66.0,58.0,57.0,60.0,54.0,65.0,30.0,58.0,65.0,61.0,53.0,48.0,60.0,20.0,32.0,40.0,30.0,56.0,45.0,50.0,53.0,75.0,32.0,30.0,28.0,20.0,50.0,20.0,64.0,35.0,42.0,62.0,52.0,58.0,0.0,40.0,51.0,0.0,73.0,72.0,25.0,62.0,43.0,55.0,46.0,0.0,32.0,35.0,63.0,84.0,71.0,70.0,33.0,68.0,73.0,66.0,72.0,65.0,53.0,67.0,58.0,76.0,67.0,70.0,63.0,67.0,72.0,73.0,68.0,60.0,70.0,,,,,,
P376,45.737864077669904,11.428345535011553,58.0,67.0,67.0,69.0,68.0,63.0,50.0,51.0,60.0,57.0,63.0,63.0,60.0,50.0,60.0,70.0,40.0,37.0,48.0,43.0,30.0,45.0,39.0,48.0,34.0,40.0,58.0,36.0,42.0,47.0,20.0,45.0,40.0,47.0,35.0,52.0,44.0,42.0,44.0,56.0,39.0,40.0,56.0,46.0,50.0,43.0,42.0,36.0,46.0,36.0,52.0,25.0,45.0,38.0,43.0,42.0,35.0,36.0,38.0,40.0,40.0,26.0,44.0,51.0,46.0,50.0,36.0,24.0,28.0,42.0,20.0,45.0,40.0,32.0,41.0,48.0,46.0,38.0,36.0,30.0,27.0,40.0,20.0,37.0,65.0,53.0,64.0,43.0,52.0,55.0,64.0,50.0,56.0,44.0,50.0,67.0,44.0,45.0,56.0,47.0,47.0,51.0,55.0,,,,,,
P386,48.74757281553398,14.228332992212861,58.0,62.0,75.0,69.0,62.0,57.0,59.0,55.0,64.0,59.0,72.0,61.0,67.0,68.0,64.0,62.0,61.0,64.0,25.0,25.0,52.0,39.0,35.0,25.0,25.0,54.0,46.0,41.0,55.0,25.0,65.0,50.0,50.0,35.0,41.0,54.0,25.0,54.0,35.0,45.0,55.0,51.0,48.0,0.0,56.0,45.0,25.0,49.0,33.0,49.0,35.0,49.0,25.0,35.0,25.0,25.0,49.0,44.0,52.0,45.0,49.0,57.0,53.0,25.0,50.0,25.0,51.0,25.0,25.0,55.0,56.0,25.0,45.0,54.0,62.0,56.0,39.0,35.0,25.0,68.0,60.0,55.0,58.0,56.0,53.0,48.0,60.0,57.0,52.0,61.0,61.0,51.0,55.0,63.0,52.0,58.0,61.0,58.0,58.0,54.0,65.0,52.0,58.0,,,,,,
P391,50.20388349514563,10.723219467631884,70.0,65.0,60.0,73.0,58.0,52.0,56.0,56.0,65.0,55.0,68.0,64.0,63.0,50.0,50.0,30.0,42.0,65.0,58.0,36.0,53.0,52.0,45.0,39.0,45.0,38.0,40.0,55.0,40.0,53.0,47.0,30.0,50.0,52.0,65.0,40.0,65.0,36.0,62.0,46.0,38.0,42.0,55.0,50.0,46.0,54.0,65.0,52.0,47.0,65.0,30.0,40.0,48.0,50.0,52.0,65.0,45.0,50.0,48.0,30.0,48.0,55.0,30.0,46.0,58.0,45.0,30.0,30.0,65.0,31.0,46.0,30.0,48.0,48.0,37.0,40.0,44.0,55.0,50.0,32.0,55.0,40.0,33.0,56.0,62.0,46.0,55.0,56.0,54.0,60.0,58.0,54.0,55.0,58.0,57.0,43.0,60.0,66.0,48.0,48.0,60.0,58.0,60.0,,,,,,
P402,55.375,17.96662899047992,86.0,79.0,70.0,88.0,68.0,81.0,82.0,80.0,83.0,71.0,83.0,58.0,78.0,75.0,70.0,62.0,38.0,63.0,56.0,63.0,42.0,67.0,65.0,52.0,42.0,47.0,58.0,51.0,61.0,52.0,39.0,87.0,40.0,47.0,58.0,65.0,20.0,54.0,46.0,63.0,43.0,48.0,34.0,45.0,47.0,46.0,76.0,38.0,10.0,64.0,45.0,44.0,66.0,33.0,50.0,53.0,20.0,61.0,68.0,27.0,56.0,61.0,25.0,58.0,56.0,66.0,44.0,45.0,66.0,55.0,74.0,50.0,61.0,54.0,15.0,10.0,41.0,36.0,31.0,58.0,59.0,38.0,55.0,45.0,28.0,59.0,60.0,0.0,61.0,40.0,76.0,61.0,51.0,67.0,61.0,73.0,57.0,75.0,57.0,70.0,71.0,69.0,78.0,78.0,,,,,
P406,47.79611650485437,13.968002105162462,73.0,59.0,65.0,60.0,70.0,50.0,58.0,59.0,62.0,67.0,66.0,60.0,49.0,59.0,62.0,59.0,60.0,61.0,75.0,22.0,57.0,56.0,50.0,23.0,52.0,27.0,56.0,44.0,20.0,56.0,52.0,34.0,46.0,21.0,42.0,47.0,50.0,44.0,30.0,20.0,52.0,48.0,52.0,44.0,20.0,52.0,45.0,51.0,43.0,50.0,59.0,50.0,39.0,31.0,37.0,34.0,23.0,25.0,45.0,57.0,68.0,28.0,56.0,52.0,56.0,51.0,57.0,29.0,50.0,50.0,35.0,44.0,57.0,49.0,45.0,47.0,43.0,36.0,22.0,24.0,20.0,20.0,55.0,27.0,54.0,61.0,60.0,57.0,20.0,54.0,46.0,59.0,52.0,60.0,57.0,54.0,43.0,58.0,55.0,50.0,69.0,52.0,61.0,,,,,,
P418,48.69230769230769,17.064740758274787,82.0,75.0,70.0,75.0,70.0,72.0,75.0,62.0,67.0,68.0,63.0,78.0,65.0,40.0,65.0,68.0,50.0,45.0,40.0,32.0,30.0,42.0,45.0,52.0,50.0,48.0,45.0,55.0,55.0,35.0,10.0,10.0,42.0,45.0,30.0,40.0,20.0,60.0,35.0,42.0,45.0,58.0,45.0,15.0,35.0,20.0,55.0,65.0,30.0,30.0,62.0,30.0,10.0,68.0,28.0,45.0,10.0,45.0,50.0,38.0,10.0,43.0,10.0,62.0,54.0,30.0,55.0,25.0,58.0,45.0,48.0,38.0,42.0,35.0,52.0,50.0,36.0,55.0,55.0,40.0,45.0,45.0,55.0,55.0,62.0,60.0,52.0,58.0,40.0,66.0,50.0,62.0,55.0,66.0,64.0,60.0,63.0,65.0,35.0,60.0,60.0,65.0,63.0,78.0,,,,,
P434,44.40384615384615,16.98744209547086,63.0,62.0,64.0,59.0,68.0,59.0,49.0,62.0,60.0,72.0,68.0,57.0,63.0,60.0,53.0,70.0,58.0,62.0,70.0,26.0,22.0,49.0,47.0,22.0,26.0,52.0,54.0,41.0,50.0,33.0,48.0,39.0,10.0,33.0,55.0,30.0,18.0,47.0,10.0,46.0,38.0,61.0,54.0,15.0,50.0,42.0,25.0,18.0,44.0,21.0,48.0,64.0,0.0,48.0,23.0,50.0,47.0,0.0,51.0,27.0,54.0,32.0,37.0,49.0,38.0,47.0,47.0,32.0,35.0,33.0,22.0,37.0,57.0,9.0,44.0,3.0,13.0,45.0,6.0,51.0,55.0,57.0,46.0,65.0,52.0,49.0,61.0,46.0,47.0,54.0,50.0,49.0,43.0,60.0,48.0,46.0,57.0,50.0,48.0,46.0,58.0,55.0,61.0,61.0,,,,,
P438,41.728155339805824,15.746268885636693,68.0,56.0,73.0,52.0,60.0,68.0,52.0,69.0,80.0,59.0,62.0,60.0,69.0,60.0,50.0,60.0,44.0,25.0,42.0,20.0,40.0,49.0,25.0,33.0,10.0,28.0,22.0,40.0,50.0,18.0,10.0,40.0,46.0,30.0,41.0,20.0,24.0,47.0,43.0,30.0,27.0,45.0,35.0,43.0,60.0,20.0,40.0,40.0,37.0,10.0,44.0,18.0,46.0,20.0,30.0,32.0,45.0,42.0,48.0,40.0,24.0,18.0,40.0,55.0,15.0,20.0,20.0,66.0,38.0,45.0,18.0,43.0,50.0,49.0,25.0,34.0,20.0,25.0,35.0,20.0,54.0,34.0,54.0,35.0,42.0,42.0,46.0,50.0,60.0,53.0,50.0,54.0,56.0,60.0,45.0,45.0,47.0,66.0,40.0,50.0,50.0,60.0,48.0,,,,,,
P443,49.89320388349515,11.20128898513971,66.0,64.0,59.0,57.0,57.0,64.0,56.0,54.0,64.0,62.0,62.0,64.0,62.0,58.0,60.0,38.0,44.0,49.0,39.0,38.0,30.0,50.0,52.0,35.0,37.0,40.0,40.0,50.0,40.0,30.0,30.0,54.0,20.0,50.0,52.0,35.0,59.0,49.0,44.0,30.0,62.0,49.0,44.0,44.0,39.0,57.0,62.0,57.0,30.0,53.0,30.0,52.0,49.0,49.0,30.0,47.0,35.0,49.0,54.0,43.0,40.0,59.0,54.0,30.0,35.0,53.0,41.0,51.0,35.0,30.0,59.0,35.0,59.0,33.0,64.0,59.0,59.0,49.0,59.0,58.0,57.0,57.0,57.0,57.0,54.0,57.0,61.0,58.0,55.0,52.0,48.0,63.0,54.0,62.0,57.0,57.0,59.0,65.0,54.0,62.0,68.0,54.0,30.0,,,,,,
P446,48.98039215686274,12.240154978761352,68.0,67.0,64.0,68.0,66.0,56.0,60.0,60.0,60.0,58.0,58.0,56.0,58.0,63.0,61.0,64.0,57.0,52.0,46.0,54.0,34.0,40.0,54.0,46.0,48.0,56.0,53.0,30.0,31.0,53.0,48.0,40.0,45.0,59.0,42.0,35.0,56.0,35.0,43.0,47.0,64.0,52.0,45.0,42.0,30.0,20.0,31.0,55.0,40.0,54.0,49.0,60.0,47.0,43.0,35.0,43.0,40.0,42.0,43.0,53.0,40.0,20.0,47.0,48.0,30.0,2.0,45.0,15.0,45.0,58.0,39.0,48.0,60.0,52.0,50.0,45.0,45.0,12.0,54.0,55.0,54.0,45.0,50.0,55.0,49.0,55.0,52.0,54.0,54.0,56.0,60.0,62.0,54.0,54.0,55.0,64.0,59.0,42.0,60.0,62.0,53.0,58.0,,,,,,,
P449,68.63106796116504,18.703564875294646,90.0,90.0,83.0,75.0,83.0,85.0,90.0,85.0,90.0,89.0,81.0,88.0,92.0,70.0,70.0,80.0,70.0,87.0,85.0,80.0,75.0,90.0,70.0,40.0,60.0,65.0,65.0,45.0,60.0,70.0,80.0,75.0,65.0,60.0,75.0,80.0,45.0,45.0,45.0,40.0,40.0,78.0,60.0,60.0,55.0,60.0,65.0,82.0,60.0,65.0,60.0,65.0,55.0,70.0,88.0,50.0,80.0,45.0,72.0,83.0,0.0,50.0,65.0,83.0,40.0,80.0,86.0,55.0,60.0,85.0,60.0,10.0,75.0,55.0,60.0,10.0,86.0,73.0,10.0,70.0,60.0,62.0,79.0,65.0,78.0,80.0,80.0,75.0,75.0,50.0,87.0,85.0,84.0,78.0,88.0,55.0,85.0,90.0,90.0,79.0,70.0,75.0,80.0,,,,,,
P453,53.01904761904762,19.11150527037663,83.0,81.0,74.0,68.0,76.0,62.0,67.0,62.0,71.0,77.0,67.0,74.0,69.0,80.0,73.0,78.0,82.0,63.0,68.0,72.0,51.0,70.0,71.0,68.0,67.0,41.0,53.0,58.0,36.0,62.0,49.0,55.0,59.0,56.0,67.0,65.0,8.0,36.0,61.0,60.0,50.0,65.0,57.0,7.0,59.0,35.0,10.0,57.0,52.0,67.0,24.0,54.0,55.0,55.0,72.0,46.0,65.0,24.0,30.0,52.0,53.0,30.0,45.0,42.0,56.0,5.0,53.0,54.0,49.0,60.0,35.0,57.0,50.0,62.0,71.0,52.0,58.0,53.0,21.0,43.0,40.0,40.0,57.0,5.0,54.0,58.0,46.0,5.0,46.0,57.0,54.0,7.0,13.0,58.0,5.0,38.0,48.0,75.0,56.0,63.0,56.0,54.0,72.0,66.0,69.0,,,,
P454,58.32692307692308,16.58074816943141,69.0,78.0,72.0,70.0,75.0,76.0,69.0,66.0,78.0,80.0,74.0,69.0,80.0,70.0,75.0,74.0,72.0,68.0,72.0,68.0,69.0,72.0,63.0,45.0,50.0,20.0,5.0,40.0,50.0,57.0,45.0,61.0,61.0,65.0,50.0,10.0,58.0,35.0,69.0,52.0,10.0,54.0,60.0,10.0,48.0,65.0,58.0,5.0,71.0,71.0,52.0,40.0,60.0,50.0,50.0,60.0,52.0,45.0,55.0,65.0,65.0,30.0,62.0,60.0,45.0,40.0,62.0,68.0,75.0,60.0,60.0,63.0,72.0,60.0,66.0,70.0,50.0,60.0,35.0,61.0,60.0,20.0,60.0,67.0,50.0,64.0,35.0,65.0,60.0,70.0,68.0,68.0,69.0,65.0,69.0,70.0,68.0,61.0,68.0,62.0,75.0,65.0,65.0,65.0,,,,,
P459,51.407766990291265,15.478914749669215,75.0,70.0,65.0,70.0,60.0,60.0,70.0,75.0,60.0,60.0,65.0,50.0,66.0,70.0,78.0,65.0,80.0,62.0,78.0,55.0,60.0,42.0,10.0,68.0,55.0,55.0,50.0,45.0,10.0,54.0,50.0,55.0,53.0,54.0,45.0,50.0,58.0,55.0,50.0,50.0,50.0,40.0,55.0,55.0,45.0,46.0,58.0,30.0,58.0,48.0,45.0,50.0,50.0,60.0,55.0,55.0,60.0,58.0,50.0,50.0,10.0,55.0,55.0,10.0,55.0,50.0,58.0,30.0,10.0,50.0,50.0,55.0,55.0,50.0,60.0,74.0,45.0,40.0,48.0,55.0,40.0,20.0,45.0,0.0,30.0,40.0,10.0,55.0,50.0,55.0,60.0,55.0,35.0,65.0,55.0,56.0,50.0,60.0,55.0,56.0,52.0,60.0,55.0,,,,,,
P462,59.19607843137255,16.51464349647215,77.0,81.0,76.0,74.0,82.0,70.0,77.0,71.0,66.0,80.0,79.0,72.0,72.0,74.0,71.0,70.0,64.0,69.0,56.0,39.0,68.0,18.0,40.0,65.0,72.0,60.0,48.0,25.0,60.0,61.0,43.0,48.0,64.0,46.0,66.0,52.0,47.0,54.0,60.0,74.0,58.0,55.0,55.0,17.0,66.0,69.0,56.0,35.0,67.0,36.0,69.0,64.0,64.0,29.0,35.0,69.0,61.0,53.0,31.0,64.0,72.0,59.0,34.0,66.0,57.0,54.0,59.0,63.0,58.0,61.0,50.0,2.0,28.0,2.0,50.0,61.0,69.0,65.0,45.0,70.0,56.0,58.0,63.0,54.0,46.0,60.0,75.0,77.0,72.0,86.0,67.0,65.0,73.0,74.0,78.0,52.0,60.0,78.0,71.0,61.0,77.0,66.0,,,,,,,
P464,42.30555555555556,16.590425306121787,60.0,64.0,60.0,46.0,55.0,58.0,55.0,54.0,71.0,49.0,58.0,56.0,55.0,55.0,57.0,59.0,55.0,44.0,15.0,35.0,15.0,42.0,37.0,53.0,48.0,49.0,20.0,55.0,49.0,10.0,30.0,40.0,10.0,15.0,10.0,10.0,42.0,30.0,43.0,62.0,40.0,52.0,46.0,35.0,10.0,39.0,47.0,15.0,42.0,43.0,20.0,35.0,42.0,10.0,10.0,42.0,38.0,57.0,25.0,10.0,10.0,20.0,42.0,45.0,0.0,10.0,20.0,37.0,50.0,20.0,25.0,48.0,42.0,44.0,47.0,68.0,44.0,30.0,47.0,46.0,37.0,58.0,58.0,55.0,54.0,58.0,57.0,48.0,50.0,60.0,48.0,57.0,54.0,50.0,67.0,48.0,60.0,50.0,52.0,56.0,50.0,46.0,47.0,43.0,45.0,60.0,62.0,55.0,
P466,40.79807692307692,11.291701401370597,65.0,69.0,62.0,60.0,57.0,51.0,53.0,46.0,51.0,50.0,60.0,49.0,48.0,20.0,41.0,48.0,46.0,43.0,32.0,27.0,52.0,29.0,47.0,40.0,32.0,42.0,20.0,40.0,40.0,49.0,25.0,49.0,43.0,35.0,35.0,48.0,32.0,30.0,35.0,43.0,34.0,28.0,37.0,42.0,53.0,15.0,49.0,34.0,40.0,38.0,30.0,41.0,32.0,40.0,30.0,38.0,32.0,20.0,35.0,48.0,36.0,33.0,43.0,33.0,40.0,41.0,58.0,20.0,10.0,34.0,30.0,22.0,32.0,35.0,43.0,42.0,37.0,50.0,41.0,30.0,38.0,40.0,15.0,36.0,39.0,30.0,56.0,40.0,38.0,50.0,45.0,50.0,50.0,44.0,53.0,43.0,41.0,51.0,53.0,50.0,62.0,58.0,45.0,46.0,,,,,
P477,54.15384615384615,9.261853314053997,73.0,70.0,68.0,61.0,68.0,75.0,57.0,69.0,70.0,57.0,72.0,72.0,72.0,66.0,49.0,68.0,40.0,50.0,67.0,56.0,46.0,45.0,58.0,44.0,45.0,55.0,51.0,40.0,40.0,62.0,41.0,49.0,58.0,54.0,40.0,46.0,55.0,48.0,54.0,62.0,46.0,50.0,56.0,53.0,56.0,48.0,53.0,46.0,58.0,53.0,45.0,45.0,49.0,49.0,58.0,52.0,46.0,52.0,58.0,46.0,40.0,45.0,48.0,46.0,52.0,58.0,40.0,45.0,57.0,54.0,40.0,52.0,40.0,54.0,46.0,52.0,60.0,56.0,60.0,47.0,47.0,61.0,53.0,60.0,46.0,49.0,42.0,46.0,64.0,63.0,55.0,65.0,61.0,67.0,67.0,53.0,49.0,63.0,46.0,45.0,67.0,51.0,72.0,56.0,,,,,
P482,55.25242718446602,17.7298454737092,80.0,72.0,80.0,63.0,59.0,74.0,88.0,75.0,63.0,77.0,76.0,50.0,79.0,65.0,65.0,60.0,73.0,5.0,42.0,42.0,48.0,61.0,30.0,53.0,34.0,43.0,45.0,65.0,30.0,52.0,56.0,51.0,20.0,58.0,15.0,57.0,71.0,53.0,60.0,63.0,32.0,30.0,74.0,66.0,30.0,42.0,19.0,61.0,30.0,40.0,52.0,63.0,35.0,60.0,72.0,0.0,48.0,60.0,50.0,48.0,60.0,54.0,54.0,52.0,65.0,52.0,45.0,70.0,32.0,40.0,65.0,68.0,20.0,10.0,65.0,38.0,64.0,42.0,65.0,70.0,63.0,45.0,70.0,75.0,72.0,69.0,40.0,70.0,68.0,57.0,67.0,74.0,67.0,73.0,66.0,59.0,70.0,62.0,72.0,60.0,73.0,60.0,63.0,,,,,,
P484,46.33009708737864,22.294986840672856,68.0,72.0,74.0,61.0,65.0,80.0,69.0,66.0,69.0,68.0,64.0,60.0,75.0,67.0,83.0,78.0,17.0,55.0,55.0,26.0,15.0,38.0,11.0,49.0,74.0,59.0,58.0,13.0,56.0,52.0,39.0,65.0,7.0,43.0,56.0,41.0,5.0,63.0,50.0,15.0,50.0,5.0,67.0,41.0,53.0,43.0,32.0,14.0,53.0,32.0,27.0,19.0,16.0,4.0,12.0,30.0,27.0,9.0,21.0,57.0,54.0,0.0,54.0,53.0,12.0,3.0,47.0,52.0,49.0,19.0,68.0,60.0,53.0,51.0,53.0,61.0,47.0,44.0,31.0,34.0,26.0,46.0,53.0,46.0,61.0,60.0,71.0,80.0,63.0,37.0,62.0,61.0,64.0,4.0,77.0,64.0,81.0,58.0,54.0,65.0,39.0,62.0,0.0,,,,,,
P485,63.64423076923077,19.078233553425328,93.0,89.0,75.0,68.0,68.0,83.0,93.0,76.0,64.0,81.0,81.0,88.0,77.0,90.0,80.0,60.0,50.0,45.0,45.0,50.0,16.0,58.0,80.0,60.0,58.0,70.0,34.0,60.0,15.0,72.0,12.0,0.0,58.0,55.0,41.0,55.0,59.0,50.0,44.0,65.0,61.0,65.0,73.0,70.0,85.0,46.0,63.0,58.0,65.0,15.0,78.0,80.0,53.0,37.0,71.0,60.0,68.0,70.0,60.0,65.0,50.0,67.0,46.0,8.0,60.0,60.0,33.0,46.0,75.0,50.0,83.0,60.0,76.0,67.0,51.0,48.0,53.0,57.0,70.0,80.0,69.0,79.0,63.0,82.0,87.0,62.0,78.0,82.0,75.0,88.0,60.0,75.0,88.0,73.0,67.0,81.0,62.0,78.0,70.0,83.0,89.0,88.0,79.0,60.0,,,,,
P486,57.1747572815534,19.015693820108645,88.0,78.0,80.0,61.0,80.0,70.0,78.0,85.0,60.0,57.0,70.0,85.0,72.0,83.0,77.0,60.0,75.0,83.0,8.0,30.0,50.0,33.0,50.0,40.0,67.0,68.0,75.0,56.0,35.0,50.0,42.0,60.0,58.0,37.0,80.0,55.0,45.0,60.0,45.0,65.0,0.0,55.0,38.0,60.0,55.0,65.0,56.0,67.0,52.0,62.0,58.0,50.0,55.0,58.0,58.0,63.0,63.0,38.0,45.0,55.0,40.0,65.0,67.0,70.0,56.0,0.0,70.0,57.0,45.0,66.0,10.0,51.0,50.0,35.0,36.0,71.0,72.0,5.0,50.0,50.0,65.0,48.0,40.0,72.0,20.0,5.0,61.0,64.0,65.0,82.0,63.0,76.0,68.0,64.0,70.0,67.0,78.0,73.0,70.0,68.0,80.0,60.0,60.0,,,,,,
P494,40.76699029126213,16.654036714624528,60.0,61.0,63.0,60.0,66.0,57.0,63.0,50.0,52.0,50.0,56.0,70.0,63.0,55.0,65.0,65.0,53.0,58.0,30.0,18.0,15.0,49.0,0.0,30.0,7.0,37.0,49.0,20.0,25.0,5.0,32.0,39.0,45.0,45.0,18.0,5.0,21.0,50.0,5.0,35.0,46.0,35.0,48.0,0.0,43.0,49.0,30.0,30.0,35.0,40.0,35.0,36.0,24.0,39.0,41.0,45.0,43.0,10.0,30.0,15.0,15.0,33.0,41.0,51.0,30.0,25.0,51.0,45.0,49.0,42.0,40.0,52.0,35.0,30.0,30.0,15.0,39.0,41.0,51.0,41.0,26.0,53.0,15.0,45.0,20.0,57.0,50.0,60.0,50.0,60.0,54.0,52.0,48.0,55.0,63.0,59.0,52.0,53.0,53.0,47.0,52.0,47.0,51.0,,,,,,
P497,40.49038461538461,19.909014005861422,72.0,64.0,66.0,72.0,64.0,70.0,62.0,65.0,66.0,71.0,51.0,70.0,59.0,58.0,55.0,53.0,60.0,70.0,70.0,68.0,56.0,60.0,58.0,61.0,20.0,30.0,26.0,45.0,27.0,24.0,10.0,12.0,33.0,37.0,20.0,38.0,41.0,10.0,35.0,22.0,51.0,38.0,43.0,46.0,42.0,8.0,37.0,69.0,37.0,40.0,20.0,0.0,52.0,26.0,19.0,32.0,37.0,31.0,10.0,51.0,15.0,45.0,10.0,40.0,18.0,50.0,10.0,24.0,38.0,21.0,40.0,25.0,15.0,51.0,0.0,18.0,0.0,46.0,54.0,52.0,32.0,10.0,61.0,34.0,39.0,17.0,26.0,17.0,41.0,22.0,59.0,56.0,50.0,53.0,26.0,58.0,49.0,55.0,62.0,57.0,56.0,60.0,54.0,5.0,,,,,
P506,38.71153846153846,13.298421745121775,56.0,59.0,59.0,56.0,55.0,52.0,56.0,57.0,60.0,47.0,56.0,55.0,37.0,47.0,46.0,60.0,62.0,27.0,30.0,33.0,42.0,37.0,56.0,43.0,47.0,48.0,22.0,25.0,29.0,38.0,39.0,31.0,25.0,8.0,45.0,35.0,42.0,22.0,37.0,10.0,10.0,40.0,39.0,25.0,30.0,29.0,26.0,27.0,21.0,39.0,41.0,42.0,22.0,30.0,10.0,28.0,27.0,23.0,31.0,44.0,48.0,44.0,10.0,32.0,20.0,20.0,31.0,35.0,20.0,10.0,33.0,35.0,35.0,44.0,26.0,29.0,23.0,48.0,35.0,54.0,48.0,40.0,43.0,47.0,37.0,44.0,51.0,38.0,52.0,45.0,57.0,44.0,42.0,54.0,52.0,55.0,41.0,56.0,46.0,52.0,40.0,46.0,53.0,36.0,,,,,
P511,38.333333333333336,17.15297124238959,80.0,65.0,70.0,60.0,70.0,60.0,60.0,65.0,50.0,45.0,60.0,30.0,45.0,75.0,45.0,55.0,25.0,25.0,20.0,15.0,20.0,50.0,40.0,40.0,30.0,15.0,30.0,5.0,30.0,20.0,45.0,15.0,30.0,20.0,60.0,55.0,20.0,40.0,40.0,30.0,25.0,25.0,50.0,15.0,20.0,55.0,30.0,15.0,20.0,20.0,30.0,30.0,45.0,15.0,20.0,40.0,35.0,50.0,10.0,10.0,15.0,40.0,50.0,50.0,15.0,20.0,50.0,25.0,15.0,25.0,20.0,30.0,45.0,45.0,15.0,10.0,45.0,20.0,30.0,45.0,40.0,55.0,45.0,55.0,45.0,40.0,55.0,45.0,40.0,40.0,45.0,45.0,50.0,50.0,50.0,70.0,50.0,55.0,55.0,50.0,60.0,45.0,,,,,,,
P513,69.19417475728156,15.058746564266482,88.0,76.0,90.0,84.0,89.0,90.0,91.0,76.0,81.0,77.0,75.0,83.0,76.0,89.0,67.0,74.0,88.0,84.0,77.0,65.0,71.0,73.0,59.0,64.0,60.0,50.0,60.0,62.0,64.0,85.0,75.0,52.0,75.0,61.0,86.0,44.0,39.0,56.0,40.0,76.0,66.0,75.0,65.0,75.0,55.0,54.0,61.0,38.0,42.0,76.0,40.0,57.0,74.0,58.0,72.0,0.0,76.0,79.0,60.0,67.0,60.0,64.0,83.0,83.0,64.0,58.0,73.0,64.0,61.0,55.0,62.0,40.0,58.0,70.0,61.0,41.0,68.0,55.0,68.0,73.0,78.0,84.0,84.0,81.0,85.0,69.0,87.0,73.0,65.0,64.0,77.0,82.0,68.0,82.0,83.0,84.0,89.0,90.0,83.0,80.0,70.0,72.0,74.0,,,,,,
P526,60.22330097087379,10.077087229749448,75.0,64.0,72.0,72.0,70.0,70.0,72.0,76.0,70.0,57.0,68.0,71.0,66.0,64.0,65.0,67.0,65.0,56.0,66.0,61.0,63.0,61.0,65.0,54.0,60.0,52.0,71.0,40.0,56.0,40.0,60.0,50.0,60.0,57.0,60.0,65.0,65.0,57.0,56.0,71.0,61.0,60.0,67.0,64.0,45.0,63.0,50.0,45.0,56.0,53.0,40.0,40.0,59.0,63.0,62.0,62.0,40.0,30.0,55.0,64.0,70.0,55.0,40.0,56.0,67.0,45.0,40.0,69.0,78.0,62.0,74.0,40.0,68.0,57.0,62.0,66.0,57.0,57.0,60.0,66.0,54.0,68.0,60.0,55.0,71.0,70.0,58.0,62.0,74.0,69.0,60.0,52.0,58.0,59.0,70.0,70.0,53.0,63.0,69.0,72.0,66.0,62.0,30.0,,,,,,
P549,47.470588235294116,22.97467649492791,89.0,62.0,63.0,63.0,79.0,65.0,69.0,69.0,63.0,73.0,72.0,73.0,60.0,82.0,9.0,59.0,3.0,18.0,10.0,61.0,15.0,25.0,38.0,18.0,42.0,40.0,20.0,62.0,43.0,35.0,27.0,20.0,76.0,59.0,62.0,60.0,0.0,56.0,54.0,5.0,41.0,56.0,48.0,41.0,25.0,50.0,49.0,54.0,18.0,39.0,15.0,42.0,60.0,50.0,37.0,69.0,55.0,33.0,2.0,47.0,12.0,8.0,71.0,9.0,2.0,64.0,2.0,57.0,1.0,19.0,57.0,58.0,59.0,15.0,36.0,4.0,59.0,61.0,55.0,65.0,68.0,59.0,62.0,60.0,59.0,63.0,60.0,55.0,65.0,57.0,69.0,54.0,55.0,69.0,70.0,59.0,72.0,67.0,78.0,69.0,64.0,64.0,,,,,,,
P555,40.53846153846154,15.186173499974306,56.0,62.0,57.0,60.0,55.0,70.0,61.0,62.0,57.0,60.0,58.0,61.0,58.0,53.0,55.0,63.0,56.0,49.0,51.0,49.0,49.0,57.0,58.0,37.0,15.0,20.0,16.0,38.0,49.0,43.0,15.0,30.0,43.0,27.0,25.0,20.0,29.0,42.0,42.0,25.0,33.0,35.0,50.0,30.0,43.0,25.0,15.0,10.0,51.0,35.0,42.0,25.0,37.0,47.0,30.0,28.0,13.0,50.0,15.0,58.0,15.0,42.0,20.0,54.0,23.0,33.0,48.0,35.0,46.0,36.0,28.0,10.0,18.0,14.0,53.0,10.0,40.0,15.0,38.0,52.0,42.0,52.0,39.0,35.0,30.0,20.0,43.0,34.0,35.0,48.0,55.0,45.0,49.0,46.0,50.0,52.0,56.0,47.0,45.0,50.0,58.0,46.0,57.0,47.0,,,,,
P571,53.77142857142857,14.265515940720304,65.0,65.0,64.0,74.0,64.0,65.0,64.0,75.0,66.0,62.0,55.0,82.0,73.0,68.0,78.0,55.0,60.0,61.0,65.0,81.0,31.0,65.0,48.0,59.0,63.0,58.0,44.0,42.0,46.0,65.0,43.0,20.0,48.0,52.0,62.0,41.0,26.0,47.0,48.0,44.0,28.0,41.0,66.0,57.0,56.0,63.0,67.0,45.0,26.0,26.0,42.0,40.0,41.0,60.0,43.0,57.0,44.0,55.0,41.0,60.0,23.0,60.0,47.0,64.0,65.0,50.0,47.0,38.0,52.0,57.0,18.0,58.0,40.0,52.0,56.0,55.0,53.0,20.0,66.0,52.0,42.0,63.0,10.0,45.0,64.0,35.0,62.0,64.0,63.0,70.0,52.0,58.0,73.0,65.0,62.0,62.0,61.0,57.0,57.0,64.0,65.0,64.0,64.0,59.0,40.0,,,,
P573,36.91428571428571,16.353730629263325,51.0,70.0,43.0,54.0,60.0,64.0,51.0,41.0,66.0,50.0,55.0,43.0,42.0,63.0,45.0,57.0,45.0,70.0,50.0,52.0,62.0,63.0,48.0,18.0,38.0,44.0,38.0,30.0,40.0,42.0,40.0,41.0,15.0,40.0,6.0,7.0,20.0,15.0,16.0,35.0,18.0,36.0,31.0,39.0,15.0,49.0,19.0,30.0,30.0,8.0,41.0,35.0,39.0,10.0,18.0,41.0,15.0,5.0,40.0,20.0,39.0,33.0,39.0,49.0,33.0,46.0,25.0,45.0,41.0,10.0,10.0,5.0,49.0,24.0,49.0,14.0,44.0,29.0,20.0,17.0,40.0,5.0,49.0,16.0,12.0,40.0,15.0,32.0,45.0,38.0,59.0,50.0,44.0,42.0,48.0,41.0,58.0,52.0,40.0,39.0,40.0,28.0,49.0,45.0,59.0,,,,
P576,46.737864077669904,16.151222357097396,76.0,78.0,75.0,70.0,65.0,68.0,74.0,60.0,68.0,53.0,72.0,60.0,71.0,68.0,78.0,73.0,65.0,75.0,32.0,38.0,42.0,26.0,54.0,38.0,16.0,40.0,56.0,28.0,32.0,24.0,52.0,42.0,34.0,35.0,20.0,55.0,43.0,52.0,33.0,48.0,45.0,35.0,25.0,20.0,64.0,47.0,47.0,36.0,36.0,49.0,25.0,54.0,57.0,34.0,42.0,47.0,40.0,20.0,36.0,15.0,25.0,54.0,15.0,32.0,44.0,34.0,54.0,15.0,54.0,53.0,50.0,10.0,45.0,51.0,37.0,56.0,65.0,32.0,40.0,48.0,53.0,43.0,62.0,37.0,45.0,27.0,58.0,47.0,44.0,42.0,54.0,62.0,54.0,34.0,65.0,64.0,42.0,45.0,60.0,55.0,54.0,45.0,45.0,,,,,,
P580,47.0,16.51712850287793,81.0,70.0,61.0,68.0,63.0,62.0,68.0,73.0,58.0,58.0,59.0,66.0,64.0,56.0,64.0,61.0,58.0,67.0,57.0,52.0,66.0,58.0,56.0,69.0,48.0,58.0,55.0,63.0,50.0,43.0,40.0,47.0,50.0,46.0,39.0,53.0,10.0,30.0,48.0,15.0,42.0,25.0,47.0,37.0,49.0,30.0,43.0,30.0,5.0,39.0,47.0,25.0,33.0,25.0,6.0,20.0,68.0,25.0,43.0,57.0,20.0,35.0,10.0,66.0,51.0,30.0,32.0,50.0,45.0,43.0,15.0,62.0,47.0,15.0,36.0,38.0,25.0,53.0,48.0,33.0,40.0,40.0,32.0,25.0,53.0,63.0,50.0,42.0,55.0,54.0,59.0,52.0,53.0,30.0,65.0,58.0,63.0,50.0,53.0,74.0,58.0,61.0,53.0,45.0,,,,,
P587,55.37864077669903,19.715185997568298,90.0,78.0,83.0,80.0,76.0,66.0,74.0,82.0,73.0,70.0,82.0,77.0,88.0,68.0,79.0,82.0,79.0,82.0,68.0,72.0,40.0,45.0,30.0,40.0,72.0,25.0,55.0,70.0,35.0,40.0,38.0,43.0,38.0,77.0,47.0,40.0,48.0,82.0,74.0,30.0,72.0,48.0,40.0,28.0,60.0,42.0,46.0,70.0,45.0,44.0,54.0,20.0,43.0,38.0,28.0,56.0,65.0,40.0,46.0,24.0,70.0,50.0,44.0,10.0,55.0,12.0,10.0,50.0,35.0,30.0,65.0,58.0,53.0,35.0,53.0,42.0,54.0,68.0,40.0,36.0,38.0,48.0,67.0,80.0,50.0,56.0,81.0,30.0,74.0,55.0,78.0,76.0,60.0,10.0,70.0,62.0,75.0,58.0,85.0,60.0,64.0,70.0,60.0,,,,,,
P592,47.699029126213595,16.476266324302344,70.0,78.0,72.0,73.0,64.0,64.0,55.0,65.0,61.0,63.0,62.0,77.0,73.0,62.0,65.0,59.0,76.0,74.0,55.0,41.0,35.0,42.0,28.0,29.0,17.0,58.0,48.0,47.0,44.0,45.0,56.0,43.0,55.0,24.0,44.0,43.0,49.0,43.0,14.0,16.0,58.0,15.0,46.0,50.0,19.0,46.0,42.0,44.0,57.0,33.0,27.0,47.0,28.0,38.0,41.0,59.0,53.0,26.0,53.0,50.0,59.0,44.0,21.0,52.0,36.0,28.0,45.0,61.0,40.0,1.0,38.0,53.0,57.0,26.0,51.0,59.0,17.0,41.0,52.0,26.0,14.0,10.0,37.0,49.0,49.0,60.0,52.0,71.0,51.0,57.0,53.0,67.0,63.0,59.0,56.0,62.0,50.0,56.0,58.0,49.0,54.0,53.0,55.0,,,,,,
P601,41.76699029126213,14.02113522542696,73.0,70.0,55.0,65.0,55.0,65.0,60.0,61.0,51.0,51.0,61.0,52.0,60.0,54.0,43.0,49.0,43.0,35.0,53.0,39.0,42.0,36.0,20.0,55.0,30.0,32.0,10.0,58.0,33.0,35.0,34.0,43.0,48.0,35.0,27.0,40.0,52.0,33.0,46.0,53.0,45.0,43.0,38.0,20.0,40.0,22.0,42.0,38.0,44.0,47.0,30.0,35.0,27.0,19.0,45.0,34.0,45.0,57.0,48.0,48.0,55.0,18.0,30.0,39.0,41.0,17.0,20.0,30.0,43.0,53.0,20.0,19.0,18.0,31.0,20.0,62.0,38.0,46.0,39.0,64.0,39.0,40.0,32.0,45.0,18.0,20.0,58.0,10.0,29.0,26.0,51.0,44.0,53.0,48.0,52.0,39.0,48.0,55.0,53.0,60.0,48.0,55.0,52.0,,,,,,
P615,46.88461538461539,19.92086659922773,76.0,73.0,71.0,75.0,80.0,69.0,49.0,75.0,69.0,81.0,67.0,58.0,62.0,66.0,58.0,58.0,77.0,59.0,59.0,77.0,71.0,56.0,42.0,48.0,46.0,68.0,30.0,8.0,14.0,32.0,52.0,40.0,39.0,6.0,30.0,64.0,41.0,38.0,31.0,38.0,32.0,18.0,57.0,40.0,47.0,67.0,36.0,42.0,50.0,36.0,0.0,56.0,59.0,42.0,28.0,56.0,40.0,16.0,44.0,48.0,45.0,8.0,44.0,11.0,56.0,28.0,34.0,22.0,56.0,10.0,0.0,40.0,40.0,45.0,59.0,38.0,62.0,46.0,0.0,58.0,59.0,26.0,30.0,20.0,42.0,20.0,44.0,59.0,52.0,56.0,64.0,44.0,73.0,53.0,73.0,64.0,76.0,69.0,54.0,59.0,58.0,56.0,26.0,30.0,,,,,
P625,66.1826923076923,17.265918178457323,83.0,75.0,81.0,88.0,85.0,79.0,78.0,78.0,83.0,73.0,83.0,83.0,78.0,84.0,85.0,83.0,79.0,78.0,78.0,79.0,65.0,73.0,55.0,50.0,60.0,70.0,73.0,75.0,50.0,65.0,60.0,50.0,60.0,50.0,76.0,79.0,68.0,78.0,5.0,47.0,78.0,70.0,72.0,30.0,50.0,79.0,35.0,50.0,10.0,40.0,76.0,55.0,60.0,45.0,60.0,78.0,45.0,71.0,55.0,65.0,73.0,50.0,60.0,55.0,82.0,76.0,68.0,10.0,65.0,78.0,40.0,70.0,50.0,55.0,40.0,55.0,60.0,80.0,20.0,63.0,65.0,60.0,78.0,45.0,73.0,78.0,68.0,81.0,79.0,83.0,82.0,78.0,75.0,79.0,77.0,70.0,85.0,79.0,79.0,79.0,78.0,68.0,78.0,70.0,,,,,
P632,63.16346153846154,21.480680223234906,84.0,76.0,88.0,70.0,83.0,85.0,85.0,77.0,86.0,85.0,87.0,73.0,87.0,87.0,84.0,80.0,87.0,83.0,74.0,82.0,82.0,56.0,38.0,65.0,67.0,71.0,71.0,50.0,62.0,36.0,70.0,25.0,50.0,45.0,64.0,50.0,45.0,32.0,82.0,81.0,20.0,63.0,65.0,75.0,79.0,30.0,78.0,74.0,45.0,73.0,30.0,31.0,28.0,55.0,80.0,30.0,72.0,54.0,73.0,33.0,20.0,78.0,40.0,75.0,46.0,76.0,62.0,74.0,74.0,64.0,20.0,77.0,61.0,48.0,63.0,10.0,30.0,45.0,78.0,67.0,50.0,25.0,76.0,30.0,60.0,76.0,77.0,65.0,86.0,84.0,64.0,77.0,78.0,85.0,81.0,72.0,87.0,72.0,85.0,76.0,74.0,88.0,10.0,10.0,,,,,
P635,34.53846153846154,14.51809923430568,67.0,62.0,52.0,48.0,66.0,63.0,49.0,66.0,41.0,34.0,28.0,46.0,63.0,42.0,26.0,37.0,27.0,42.0,30.0,50.0,34.0,24.0,15.0,33.0,15.0,32.0,30.0,15.0,6.0,39.0,30.0,28.0,38.0,41.0,36.0,39.0,10.0,48.0,23.0,50.0,33.0,29.0,39.0,38.0,5.0,18.0,8.0,35.0,40.0,42.0,31.0,10.0,18.0,29.0,42.0,49.0,35.0,25.0,33.0,26.0,46.0,7.0,35.0,17.0,39.0,8.0,25.0,33.0,32.0,30.0,52.0,36.0,29.0,31.0,8.0,14.0,37.0,18.0,33.0,25.0,30.0,25.0,37.0,30.0,45.0,33.0,5.0,27.0,51.0,32.0,58.0,44.0,22.0,57.0,35.0,47.0,56.0,54.0,34.0,41.0,29.0,45.0,51.0,39.0,,,,,
P654,48.24271844660194,16.665960388614046,75.0,76.0,70.0,75.0,60.0,70.0,56.0,66.0,62.0,83.0,54.0,81.0,80.0,60.0,71.0,61.0,76.0,62.0,62.0,67.0,59.0,20.0,25.0,45.0,25.0,28.0,69.0,48.0,23.0,43.0,59.0,25.0,28.0,41.0,25.0,47.0,49.0,35.0,26.0,36.0,20.0,38.0,45.0,20.0,32.0,46.0,40.0,20.0,50.0,59.0,42.0,35.0,44.0,50.0,37.0,26.0,32.0,30.0,30.0,30.0,54.0,42.0,49.0,20.0,49.0,51.0,42.0,51.0,54.0,46.0,46.0,28.0,41.0,53.0,74.0,50.0,41.0,42.0,26.0,20.0,52.0,49.0,51.0,33.0,50.0,20.0,71.0,41.0,35.0,56.0,68.0,66.0,60.0,57.0,53.0,50.0,71.0,57.0,60.0,57.0,62.0,53.0,69.0,,,,,,
P658,45.51456310679612,21.41140619502674,83.0,82.0,73.0,83.0,72.0,72.0,69.0,76.0,66.0,61.0,70.0,79.0,67.0,62.0,66.0,74.0,5.0,28.0,20.0,18.0,58.0,20.0,5.0,15.0,35.0,28.0,27.0,20.0,36.0,20.0,39.0,30.0,56.0,42.0,5.0,42.0,46.0,42.0,54.0,30.0,57.0,10.0,15.0,38.0,38.0,55.0,0.0,32.0,48.0,45.0,5.0,58.0,46.0,12.0,59.0,30.0,51.0,35.0,48.0,45.0,54.0,39.0,30.0,42.0,43.0,3.0,6.0,45.0,5.0,45.0,38.0,36.0,15.0,53.0,23.0,63.0,58.0,70.0,10.0,62.0,48.0,52.0,60.0,52.0,59.0,67.0,71.0,57.0,60.0,46.0,51.0,73.0,45.0,59.0,59.0,74.0,50.0,56.0,66.0,63.0,67.0,61.0,49.0,,,,,,
P672,46.14423076923077,18.615902101510542,70.0,64.0,58.0,60.0,80.0,67.0,60.0,57.0,72.0,64.0,65.0,61.0,65.0,72.0,65.0,75.0,62.0,55.0,50.0,5.0,28.0,15.0,50.0,40.0,58.0,24.0,50.0,28.0,50.0,5.0,37.0,25.0,15.0,27.0,43.0,40.0,28.0,25.0,45.0,0.0,38.0,35.0,40.0,45.0,10.0,42.0,64.0,25.0,55.0,50.0,20.0,30.0,60.0,30.0,60.0,57.0,50.0,40.0,18.0,45.0,60.0,25.0,45.0,65.0,49.0,52.0,45.0,52.0,25.0,15.0,18.0,52.0,5.0,51.0,48.0,43.0,65.0,15.0,10.0,35.0,50.0,30.0,57.0,57.0,55.0,45.0,60.0,53.0,57.0,55.0,47.0,68.0,48.0,50.0,55.0,60.0,52.0,66.0,61.0,90.0,67.0,62.0,55.0,50.0,,,,,
P676,65.67619047619047,17.950517047457495,85.0,85.0,84.0,83.0,88.0,82.0,76.0,75.0,80.0,68.0,86.0,74.0,87.0,79.0,79.0,81.0,80.0,70.0,86.0,74.0,74.0,68.0,77.0,89.0,60.0,10.0,70.0,50.0,50.0,60.0,66.0,45.0,90.0,50.0,70.0,80.0,74.0,67.0,72.0,60.0,81.0,69.0,20.0,62.0,40.0,69.0,71.0,62.0,75.0,61.0,78.0,76.0,70.0,66.0,65.0,69.0,78.0,35.0,78.0,76.0,20.0,10.0,60.0,55.0,66.0,62.0,77.0,65.0,77.0,50.0,60.0,64.0,54.0,35.0,82.0,55.0,55.0,30.0,78.0,71.0,50.0,40.0,55.0,68.0,50.0,20.0,61.0,67.0,73.0,30.0,55.0,66.0,20.0,78.0,71.0,68.0,73.0,83.0,75.0,86.0,80.0,79.0,83.0,83.0,71.0,,,,
P704,55.01923076923077,17.864637070340006,85.0,66.0,75.0,72.0,80.0,80.0,73.0,74.0,67.0,80.0,70.0,80.0,75.0,11.0,78.0,65.0,52.0,25.0,65.0,72.0,53.0,15.0,59.0,5.0,57.0,0.0,52.0,26.0,49.0,42.0,73.0,47.0,66.0,27.0,59.0,48.0,38.0,26.0,56.0,48.0,63.0,58.0,23.0,51.0,58.0,72.0,70.0,35.0,58.0,63.0,48.0,49.0,20.0,45.0,20.0,53.0,56.0,63.0,40.0,49.0,36.0,63.0,64.0,38.0,55.0,36.0,43.0,71.0,57.0,30.0,66.0,57.0,54.0,58.0,58.0,58.0,70.0,72.0,37.0,72.0,35.0,57.0,72.0,63.0,50.0,58.0,49.0,70.0,69.0,66.0,56.0,67.0,72.0,78.0,52.0,31.0,72.0,51.0,65.0,72.0,63.0,73.0,54.0,47.0,,,,,
P732,59.15238095238095,18.06653352748207,92.0,80.0,86.0,77.0,79.0,73.0,76.0,86.0,69.0,80.0,66.0,71.0,88.0,69.0,73.0,84.0,80.0,59.0,52.0,75.0,69.0,32.0,90.0,76.0,65.0,25.0,51.0,37.0,45.0,39.0,22.0,11.0,60.0,31.0,40.0,71.0,78.0,54.0,39.0,52.0,35.0,51.0,66.0,37.0,45.0,48.0,38.0,56.0,64.0,61.0,38.0,49.0,33.0,60.0,76.0,55.0,64.0,64.0,69.0,60.0,39.0,26.0,37.0,53.0,66.0,73.0,22.0,28.0,61.0,60.0,42.0,32.0,68.0,37.0,65.0,63.0,57.0,75.0,46.0,30.0,56.0,42.0,58.0,36.0,63.0,41.0,69.0,81.0,72.0,82.0,60.0,80.0,78.0,72.0,66.0,69.0,66.0,69.0,72.0,63.0,79.0,66.0,84.0,65.0,71.0,,,,
P753,71.51923076923077,10.382940423103836,82.0,80.0,80.0,80.0,74.0,78.0,81.0,84.0,64.0,77.0,77.0,76.0,86.0,92.0,65.0,72.0,79.0,66.0,57.0,30.0,68.0,65.0,76.0,60.0,73.0,66.0,51.0,68.0,70.0,77.0,76.0,63.0,60.0,72.0,75.0,80.0,57.0,74.0,67.0,77.0,86.0,57.0,72.0,60.0,72.0,75.0,65.0,37.0,76.0,69.0,66.0,76.0,65.0,75.0,70.0,69.0,62.0,77.0,63.0,56.0,75.0,70.0,72.0,62.0,76.0,51.0,70.0,60.0,75.0,74.0,78.0,81.0,77.0,73.0,67.0,76.0,74.0,73.0,81.0,79.0,79.0,80.0,86.0,67.0,75.0,79.0,76.0,78.0,75.0,79.0,71.0,74.0,70.0,82.0,72.0,76.0,70.0,72.0,84.0,77.0,76.0,74.0,89.0,30.0,,,,,
P756,53.70192307692308,16.822245909239307,78.0,88.0,70.0,66.0,78.0,82.0,72.0,65.0,66.0,70.0,62.0,80.0,78.0,78.0,65.0,50.0,50.0,45.0,58.0,15.0,50.0,67.0,57.0,55.0,35.0,50.0,60.0,54.0,51.0,42.0,52.0,43.0,55.0,60.0,40.0,62.0,63.0,45.0,45.0,30.0,63.0,52.0,35.0,50.0,52.0,62.0,8.0,51.0,53.0,47.0,64.0,48.0,30.0,65.0,78.0,43.0,50.0,40.0,50.0,40.0,35.0,66.0,56.0,34.0,50.0,20.0,66.0,60.0,63.0,48.0,15.0,30.0,36.0,60.0,56.0,58.0,70.0,30.0,55.0,0.0,60.0,63.0,58.0,50.0,61.0,0.0,45.0,39.0,40.0,75.0,75.0,45.0,53.0,68.0,67.0,52.0,69.0,67.0,70.0,60.0,62.0,60.0,60.0,65.0,,,,,
P758,63.18269230769231,16.222221618338946,86.0,79.0,72.0,80.0,85.0,85.0,80.0,82.0,87.0,92.0,90.0,86.0,31.0,83.0,72.0,78.0,56.0,58.0,32.0,58.0,30.0,57.0,33.0,39.0,47.0,51.0,50.0,50.0,69.0,78.0,37.0,60.0,80.0,86.0,54.0,50.0,33.0,60.0,59.0,73.0,47.0,77.0,74.0,54.0,50.0,77.0,40.0,72.0,71.0,53.0,74.0,46.0,38.0,53.0,41.0,33.0,44.0,62.0,66.0,49.0,70.0,48.0,64.0,69.0,46.0,54.0,44.0,73.0,69.0,82.0,71.0,50.0,59.0,57.0,69.0,52.0,74.0,78.0,41.0,45.0,65.0,39.0,53.0,67.0,58.0,72.0,83.0,77.0,50.0,71.0,68.0,80.0,77.0,52.0,71.0,67.0,78.0,84.0,86.0,87.0,77.0,62.0,68.0,75.0,,,,,
P767,45.15384615384615,19.630949030058677,72.0,69.0,74.0,82.0,70.0,69.0,70.0,60.0,68.0,84.0,63.0,68.0,55.0,81.0,68.0,60.0,27.0,47.0,62.0,42.0,34.0,78.0,32.0,30.0,52.0,17.0,13.0,28.0,46.0,41.0,16.0,31.0,10.0,45.0,54.0,45.0,32.0,43.0,45.0,46.0,22.0,43.0,51.0,56.0,60.0,47.0,37.0,34.0,69.0,23.0,51.0,64.0,38.0,45.0,51.0,4.0,35.0,17.0,4.0,50.0,57.0,46.0,56.0,11.0,48.0,37.0,8.0,49.0,53.0,47.0,6.0,26.0,36.0,34.0,48.0,14.0,46.0,40.0,57.0,34.0,23.0,21.0,42.0,43.0,66.0,26.0,15.0,28.0,3.0,25.0,32.0,51.0,68.0,61.0,52.0,56.0,61.0,62.0,60.0,70.0,60.0,63.0,60.0,65.0,,,,,
