专家编码,平均分,标准差,标准分1,标准分2,标准分3,标准分4,标准分5,标准分6,标准分7,标准分8,标准分9,标准分10,标准分11,标准分12,标准分13,标准分14,标准分15,标准分16,标准分17,标准分18,标准分19,标准分20,标准分21,标准分22,标准分23,标准分24,标准分25,标准分26,标准分27,标准分28,标准分29,标准分30,标准分31,标准分32,标准分33,标准分34,标准分35,标准分36,标准分37,标准分38,标准分39,标准分40,标准分41,标准分42,标准分43,标准分44,标准分45,标准分46,标准分47,标准分48,标准分49,标准分50,标准分51,标准分52,标准分53,标准分54,标准分55,标准分56,标准分57,标准分58,标准分59,标准分60,标准分61,标准分62,标准分63,标准分64,标准分65,标准分66,标准分67,标准分68,标准分69,标准分70,标准分71,标准分72,标准分73,标准分74,标准分75,标准分76,标准分77,标准分78,标准分79,标准分80,标准分81,标准分82,标准分83,标准分84,标准分85,标准分86,标准分87,标准分88,标准分89,标准分90,标准分91,标准分92,标准分93,标准分94,标准分95,标准分96,标准分97,标准分98,标准分99,标准分100,标准分101,标准分102,标准分103,标准分104,标准分105,标准分106,标准分107,标准分108,标准分109
P005,50.00057692307693,9.999531913988763,69.46,66.94,59.37,56.84,56.84,54.32,59.37,54.32,69.46,61.89,61.89,66.94,64.41,64.41,66.94,64.41,64.41,61.89,49.27,49.27,49.27,44.23,49.27,51.8,51.8,49.27,34.13,49.27,46.75,39.18,39.18,36.65,51.8,39.18,51.8,46.75,44.23,25.05,54.32,61.89,54.32,54.32,39.18,49.27,34.13,49.27,29.08,39.18,54.32,51.8,41.7,34.13,31.61,44.23,44.23,49.27,36.65,54.32,46.75,55.83,46.75,54.32,51.8,31.61,39.18,36.65,59.37,49.27,54.32,29.08,34.13,39.18,41.7,46.75,51.8,44.23,34.13,44.23,49.27,41.7,46.75,46.75,39.18,44.23,56.84,56.84,61.89,54.32,51.8,61.89,56.84,51.8,49.27,59.37,64.41,61.89,41.7,54.32,54.32,56.84,61.89,49.27,59.37,46.75,,,,,
P022,50.00038461538462,9.999395508241808,65.1,57.89,63.79,63.13,67.07,72.31,60.51,57.89,51.99,58.54,59.85,56.58,67.07,53.95,50.02,58.54,61.82,50.67,55.26,51.33,52.64,52.64,51.33,50.02,51.33,51.99,43.46,50.02,44.12,45.43,55.26,46.09,47.4,45.43,44.12,53.3,48.71,38.87,50.02,51.99,59.85,36.91,52.64,53.95,53.95,47.4,19.2,56.58,55.26,48.71,40.84,60.51,45.43,45.43,34.28,45.43,48.71,48.71,38.87,52.64,45.43,50.67,53.95,32.32,51.33,25.76,48.71,45.43,53.95,48.71,55.92,50.02,29.04,25.76,42.15,55.26,35.59,42.81,48.71,50.02,52.64,52.64,55.26,15.93,46.74,15.93,55.26,44.12,60.51,48.71,67.07,56.58,47.4,48.71,55.92,52.64,59.85,58.54,51.99,56.58,50.02,53.95,46.09,52.64,,,,,
P056,49.97077669902912,9.964871405889909,68.35,59.64,63.38,59.02,57.15,59.64,67.11,65.24,65.24,61.51,44.71,62.75,62.75,59.02,58.4,51.55,24.17,50.31,45.33,47.82,52.17,43.46,42.84,54.04,45.33,56.53,42.22,31.64,47.82,31.02,30.4,57.15,49.06,39.11,41.6,45.33,58.4,27.29,60.38,41.6,51.55,49.06,49.06,51.55,31.02,54.66,64.0,30.4,57.77,54.04,55.29,42.22,47.2,47.82,42.22,43.46,44.71,47.2,39.11,48.44,50.31,55.91,51.55,52.8,50.93,29.15,55.29,48.44,64.0,47.82,18.57,49.69,55.29,55.29,49.69,45.33,38.49,46.57,49.06,49.06,63.38,54.04,37.86,51.55,51.55,44.09,37.86,54.66,47.2,55.91,52.17,60.26,59.64,68.98,48.44,60.26,55.29,40.35,57.15,54.04,53.42,42.84,51.55,,,,,,
P069,49.998932038834944,9.99929614313333,65.78,65.78,60.08,57.8,54.95,58.94,59.51,60.08,63.5,58.94,56.09,62.93,53.81,54.95,29.31,50.96,27.03,42.98,45.83,57.8,43.55,43.55,46.4,42.41,46.4,48.68,36.72,39.57,53.24,52.1,54.38,31.59,49.25,52.67,51.53,52.1,55.52,39.0,33.87,48.11,56.09,36.15,36.15,54.95,31.59,57.8,47.54,31.59,58.94,55.52,20.19,29.88,37.29,57.23,46.97,54.95,46.4,50.96,45.83,56.66,53.24,54.38,42.41,48.68,57.23,20.19,36.15,49.25,49.82,49.82,33.3,57.8,52.1,46.4,51.53,37.29,53.24,35.01,54.95,58.94,55.52,57.23,46.97,58.37,62.36,58.37,54.95,50.96,41.27,55.52,57.23,56.66,60.08,48.11,53.81,60.65,61.79,58.37,62.36,57.8,56.09,56.09,57.23,,,,,,
P070,49.99990384615384,9.999538872396446,67.18,63.26,57.86,62.27,54.42,58.35,50.5,57.37,52.95,60.31,62.27,61.78,62.77,60.31,67.18,37.25,51.48,44.12,62.27,57.86,31.86,54.42,52.95,53.93,58.35,52.46,41.18,42.65,36.76,47.56,38.73,28.91,30.88,31.86,28.91,49.03,50.5,52.46,45.1,47.07,54.42,63.26,30.39,55.41,50.5,37.25,54.92,48.54,43.63,46.08,45.59,52.46,35.78,33.82,53.44,50.99,30.88,31.37,31.37,58.35,32.35,55.41,55.41,51.48,33.82,40.69,30.39,40.69,50.99,36.27,45.1,48.54,44.12,54.92,41.67,48.54,56.39,57.37,46.58,48.05,54.42,54.42,43.63,62.27,57.86,55.41,63.26,54.42,57.37,59.82,57.37,57.37,52.95,47.56,55.41,61.78,62.27,59.33,59.82,49.52,60.31,49.52,53.93,55.41,,,,,
P082,49.99951923076923,10.000191588437286,63.43,63.43,65.18,66.34,57.03,54.71,66.34,63.43,65.18,59.36,60.52,55.87,61.69,53.55,62.27,63.43,66.34,67.5,56.45,51.22,54.13,62.27,54.71,48.89,51.8,43.08,47.73,34.35,43.08,40.17,54.71,45.98,22.72,53.55,49.47,48.89,44.24,48.89,51.8,55.87,59.36,50.64,49.47,49.47,51.8,48.31,45.98,45.98,50.06,50.64,40.17,22.72,54.71,52.96,47.73,45.98,54.13,28.54,47.73,54.13,28.54,53.55,55.87,37.26,50.06,34.35,50.06,44.82,48.89,48.31,50.06,51.8,16.91,45.98,50.64,47.73,45.98,45.98,22.72,53.55,45.98,34.35,43.08,40.17,50.64,51.8,48.89,47.73,49.47,54.13,51.22,52.96,47.73,55.87,60.52,61.11,55.29,49.47,60.52,53.55,48.89,51.8,25.63,45.98,,,,,
P090,49.87650485436893,9.97016841645251,71.14,62.61,73.47,57.96,61.06,61.06,57.96,67.27,64.17,54.86,61.06,65.72,57.96,57.96,51.76,54.86,36.25,40.13,36.25,46.33,28.5,57.96,50.21,40.13,50.21,50.21,54.86,40.13,36.25,47.88,42.45,32.37,46.33,50.21,40.13,46.33,28.5,54.86,53.31,28.5,46.33,36.25,32.37,32.37,36.25,49.43,42.45,54.86,46.33,53.31,36.25,46.33,50.21,47.88,46.33,28.5,50.21,51.76,51.76,28.5,53.31,28.5,55.64,36.25,50.21,55.64,46.33,53.31,57.96,54.86,46.33,50.21,32.37,54.86,50.21,46.33,62.61,46.33,50.21,53.31,57.96,51.76,50.21,59.51,54.86,56.41,54.86,54.86,57.96,59.51,57.96,56.41,54.86,62.61,57.96,40.13,55.64,52.53,56.41,50.21,57.96,54.86,50.21,,,,,,
P118,50.00038461538462,10.000168049372139,63.56,56.65,58.96,56.08,57.8,58.96,63.56,57.8,61.83,58.38,56.65,62.41,48.59,64.14,58.96,61.26,58.96,58.38,58.38,49.75,34.78,54.35,60.68,34.78,34.78,43.99,41.69,41.69,57.8,34.78,62.41,40.54,50.32,43.99,59.53,34.78,38.81,47.44,54.93,40.54,34.78,44.57,52.05,29.02,49.75,58.96,55.5,47.44,32.48,42.26,57.23,59.53,54.35,41.69,35.93,40.54,51.47,42.84,45.14,46.29,34.78,56.65,52.05,53.77,45.14,53.2,29.02,54.93,35.93,29.02,34.78,39.38,29.02,58.96,29.02,40.54,52.05,53.2,57.8,57.23,46.29,49.17,40.54,37.66,40.54,44.57,60.11,59.53,55.5,57.8,63.56,62.41,55.5,54.93,54.35,62.41,57.8,62.41,56.65,54.35,56.65,57.8,54.35,53.2,,,,,
P120,50.00029126213592,9.999223740097564,63.45,57.93,64.83,57.47,57.47,59.31,64.83,60.69,57.01,62.99,55.63,61.15,57.93,53.79,55.63,44.58,35.37,60.69,59.31,58.85,60.69,35.37,34.91,43.66,32.61,41.36,56.55,34.91,54.71,31.69,44.58,51.94,58.85,38.13,45.04,56.55,54.71,56.09,41.82,30.77,46.42,45.04,50.56,41.82,59.31,45.96,51.94,48.72,38.13,44.12,58.85,57.01,31.69,33.53,53.79,59.31,53.79,32.61,32.61,26.16,40.43,49.18,33.99,49.64,44.58,44.12,34.91,34.45,44.58,43.2,49.64,52.86,55.63,52.86,29.85,39.05,55.17,59.31,53.79,30.77,54.71,59.77,57.47,58.39,51.94,58.39,47.8,59.31,58.39,57.01,57.93,58.85,50.1,57.93,61.15,57.47,53.79,58.39,54.71,45.04,45.04,61.61,61.61,,,,,,
P125,49.99961904761904,9.999779894097816,69.68,71.05,60.74,53.19,60.06,51.81,71.05,53.87,50.44,66.24,60.74,67.61,63.49,60.74,55.25,40.13,29.83,33.26,50.44,36.7,40.13,50.44,33.26,51.81,47.0,50.44,36.7,53.87,64.18,43.57,36.7,53.87,47.0,49.06,40.13,53.87,40.82,33.26,40.13,50.44,53.87,50.44,36.7,47.0,50.44,53.87,47.0,53.87,36.7,36.7,33.26,50.44,40.13,40.13,43.57,43.57,43.57,52.5,47.0,40.13,55.25,50.44,36.7,50.44,55.93,40.13,53.87,43.57,36.7,36.7,36.7,57.31,57.31,57.31,50.44,29.83,47.0,47.0,49.06,40.13,29.83,50.44,50.44,58.68,60.74,61.43,57.31,57.31,64.18,64.18,57.31,64.18,62.81,53.87,54.56,60.74,40.13,62.81,49.06,57.31,50.44,59.37,50.44,53.87,62.81,,,,
P126,50.00028846153845,10.000130334755571,64.76,62.89,55.39,58.51,60.39,58.51,60.39,55.39,60.39,59.14,57.89,57.89,57.89,56.02,61.01,54.14,54.77,21.67,46.65,56.64,55.39,24.79,49.77,54.14,27.92,56.64,42.28,50.4,54.14,51.02,12.3,37.28,27.92,37.28,42.28,46.03,40.41,34.16,54.14,45.4,40.41,51.65,55.39,51.65,44.15,40.41,47.9,58.51,55.39,37.28,21.67,54.14,55.39,55.39,31.04,55.39,52.89,49.77,21.67,55.39,49.77,51.65,54.77,55.39,47.9,54.77,52.27,46.03,43.53,54.77,52.27,40.41,47.27,54.14,46.03,54.77,34.16,54.77,49.77,41.65,52.89,54.77,56.02,53.52,49.77,53.52,57.27,62.26,51.02,53.52,52.27,56.02,51.65,56.64,57.89,58.51,56.02,49.77,57.27,54.77,54.14,54.14,50.4,60.39,,,,,
P127,50.00038461538462,10.000381441567535,61.1,59.16,63.68,56.59,64.97,63.68,63.68,58.52,59.81,56.59,63.03,55.3,58.52,57.88,55.94,62.39,56.59,66.26,61.74,61.74,25.63,38.53,34.01,45.62,41.11,46.91,63.68,27.57,46.27,27.57,39.82,39.17,43.69,44.33,54.65,36.59,56.59,39.17,31.44,45.62,55.3,46.27,55.3,37.24,59.81,43.69,58.52,32.08,48.2,43.04,41.75,46.91,27.57,59.81,48.2,34.01,46.91,43.69,50.78,49.49,34.66,50.78,47.56,57.88,48.85,61.74,50.78,30.79,32.08,49.49,58.52,48.2,52.72,41.75,54.65,47.56,55.94,48.85,39.82,42.4,48.2,57.23,38.53,47.56,40.46,65.61,55.94,58.52,57.88,48.2,58.52,58.52,51.43,47.56,49.49,49.49,60.45,56.59,54.01,63.03,55.3,50.78,48.2,59.81,,,,,
P132,49.96211538461538,9.950305032459273,57.54,60.66,65.85,71.04,47.15,68.97,54.42,63.77,58.58,50.27,53.39,47.15,60.66,70.0,61.7,55.46,55.46,65.85,60.66,66.89,53.39,63.77,43.0,50.27,45.08,41.96,43.0,39.88,48.19,47.15,36.77,60.81,43.0,50.27,34.69,37.81,36.77,37.81,48.19,53.39,34.69,50.27,52.35,54.42,53.39,34.69,50.27,34.69,37.81,63.77,53.39,45.08,48.19,53.39,60.66,36.77,35.73,39.88,49.23,34.69,35.73,34.69,50.27,39.88,50.27,43.0,43.0,37.81,40.92,47.15,34.69,39.88,55.46,35.73,39.88,40.92,51.31,50.27,34.69,51.31,48.19,55.46,43.0,45.08,53.39,60.66,51.31,71.04,57.54,55.46,61.7,54.42,45.08,65.85,55.46,57.54,61.7,53.39,53.39,51.31,48.19,59.62,61.7,34.69,,,,,
P138,49.99903846153846,10.000169369364805,67.13,61.33,59.4,63.26,55.53,63.26,60.36,58.43,60.36,50.7,59.4,59.4,57.46,66.16,66.16,52.63,49.73,44.9,51.66,42.0,32.33,41.03,41.03,51.66,49.73,49.73,46.83,49.73,46.83,48.76,48.76,22.66,35.23,46.83,54.56,46.83,46.83,46.83,42.96,51.66,46.83,48.76,54.56,56.5,52.63,48.76,49.73,60.36,37.16,54.56,51.66,35.23,49.73,51.66,41.03,46.83,54.56,55.53,46.83,26.53,26.53,40.06,52.63,48.76,46.83,46.83,51.66,51.66,44.9,51.66,2.36,18.8,46.83,52.63,52.63,49.73,62.3,50.7,52.63,35.23,48.76,48.76,48.76,44.9,49.73,49.73,49.73,49.73,56.5,55.53,54.56,61.33,62.3,47.8,61.33,50.7,62.3,61.33,58.43,57.46,56.5,55.53,49.73,53.6,,,,,
P143,49.99951923076924,9.999264281655119,56.68,58.57,56.68,56.68,66.1,56.68,60.45,56.68,51.97,54.8,58.57,56.68,64.22,56.68,57.63,61.39,52.92,58.57,47.26,50.09,51.97,28.43,49.15,49.15,49.15,51.03,51.97,28.43,50.09,51.97,37.85,28.43,51.03,51.97,57.63,37.85,51.03,47.26,58.57,51.97,54.8,51.03,51.03,54.8,37.85,53.86,47.26,42.56,28.43,51.97,47.26,45.38,58.57,58.57,33.14,37.85,33.14,28.43,19.01,48.21,54.8,37.85,47.26,50.09,57.63,51.97,51.97,61.39,13.36,51.97,14.3,43.5,51.97,51.97,53.86,56.68,50.09,51.97,42.56,50.09,53.86,47.26,47.26,42.56,56.68,58.57,53.86,54.8,54.8,47.26,53.86,52.92,62.33,50.09,56.68,59.51,52.92,51.97,58.57,54.8,55.74,54.8,59.51,56.68,,,,,
P150,49.96182692307693,9.954806495261627,59.51,62.13,68.68,57.55,60.17,54.27,56.24,61.48,54.27,53.62,60.17,62.13,54.27,60.82,60.82,46.42,45.76,43.8,41.18,47.07,61.48,51.66,52.31,48.38,45.11,60.17,49.04,44.45,37.91,39.87,41.84,49.69,47.07,56.89,46.42,20.88,52.97,58.2,47.07,52.97,38.56,47.07,19.58,28.09,65.4,47.07,45.11,50.35,52.31,46.42,52.31,47.07,24.16,51.66,56.89,48.38,49.69,44.45,19.58,48.38,35.94,35.29,53.62,59.44,51.66,20.23,49.04,45.11,51.66,51.0,21.54,43.8,47.73,47.73,45.76,49.04,45.11,53.62,52.31,49.04,53.62,58.86,53.62,51.66,58.86,54.27,47.07,58.2,52.97,51.66,59.51,60.17,49.69,55.58,56.24,60.17,60.17,52.31,62.13,55.58,55.58,59.51,50.35,52.31,,,,,
P163,50.000384615384604,9.999745814543946,65.56,63.12,59.22,66.05,59.71,63.61,65.56,57.27,55.81,62.64,66.54,58.25,59.22,56.79,62.15,54.35,68.97,71.41,66.05,68.49,61.66,62.64,39.73,54.84,48.01,39.73,42.16,34.85,48.5,32.41,49.48,47.04,49.48,44.11,47.53,41.19,34.85,59.22,48.5,56.79,29.98,39.73,38.75,29.98,49.48,61.66,39.73,43.14,55.32,47.04,34.85,39.73,49.96,49.48,40.7,48.01,39.73,48.01,39.73,29.98,51.91,47.53,34.85,40.7,42.16,54.35,34.85,49.96,48.01,40.7,32.41,39.73,39.73,52.89,49.48,54.35,54.35,54.35,38.75,47.04,39.73,42.65,52.89,50.45,54.84,61.66,55.32,43.63,55.32,52.4,51.91,55.81,51.91,60.69,47.04,53.37,52.4,56.79,49.96,56.3,59.71,56.79,29.98,51.91,,,,,
P170,49.99951456310679,9.999410706032785,61.3,55.64,56.77,57.9,53.38,56.77,56.77,55.64,57.9,60.17,56.77,66.95,53.38,54.51,57.9,60.17,56.77,51.12,55.64,56.77,53.38,40.94,44.34,47.73,54.51,53.38,35.29,48.86,48.86,44.34,45.47,52.25,47.73,28.51,47.73,45.47,49.99,0.24,57.9,59.03,33.03,55.64,54.51,57.9,22.85,48.86,48.86,54.51,48.86,54.51,55.64,54.51,52.25,43.2,51.12,39.81,47.73,28.51,52.25,34.16,44.34,45.47,56.77,56.77,22.85,51.12,33.03,47.73,46.6,53.38,17.2,49.99,55.64,48.86,52.25,46.6,48.86,53.38,46.6,55.64,54.51,55.64,53.38,55.64,51.12,51.12,55.64,53.38,59.03,48.86,45.47,54.51,53.38,51.12,59.03,57.9,56.77,59.03,57.9,55.64,51.12,55.64,34.16,,,,,,
P200,50.00009708737864,10.000423667019982,64.96,59.34,61.59,61.03,61.59,59.91,48.68,59.91,55.41,57.1,53.73,53.73,62.71,54.29,62.15,61.03,27.34,53.73,44.18,45.87,58.22,48.68,40.25,56.54,44.18,53.17,39.69,35.2,55.41,27.9,32.95,58.78,45.87,49.8,43.06,50.36,46.99,44.18,55.97,50.92,36.88,46.99,32.95,52.04,56.54,63.27,59.91,39.69,40.25,50.36,61.03,55.41,40.25,59.91,43.06,52.04,52.04,55.97,43.06,40.81,56.54,49.8,44.75,58.22,23.41,42.5,33.52,18.92,50.36,27.34,39.69,46.43,48.68,46.99,49.8,52.04,27.34,63.27,43.06,45.87,40.25,54.29,39.69,55.97,41.94,52.04,59.91,56.54,55.41,53.17,48.11,58.78,59.34,59.91,59.91,59.91,56.54,48.11,56.54,56.54,53.73,64.4,61.59,,,,,,
P212,50.00067961165048,9.998594926988092,62.32,61.71,61.71,62.93,63.54,65.36,69.01,62.32,58.07,58.07,59.89,61.11,61.71,67.19,65.97,61.71,68.4,64.76,56.85,61.71,55.63,55.02,34.96,34.96,50.16,62.93,48.33,41.65,34.96,47.73,34.96,51.98,53.2,53.2,34.96,39.21,54.42,54.42,51.98,56.85,45.9,42.86,44.08,44.08,39.82,34.96,50.77,51.98,34.96,34.96,42.25,50.77,54.42,48.94,48.94,54.42,47.12,34.96,50.77,34.96,46.51,51.38,34.96,59.28,56.85,34.96,34.96,43.47,34.96,51.38,47.73,36.17,50.16,45.29,44.08,34.96,63.54,62.93,38.6,34.96,38.0,39.82,34.96,35.56,44.08,50.77,49.55,44.69,45.9,42.86,51.38,53.2,51.38,61.71,53.81,51.38,58.07,55.02,54.42,54.42,59.89,55.02,59.28,,,,,,
P223,50.00019047619048,10.000073651743424,62.63,69.4,61.95,57.21,63.98,55.86,58.56,60.59,60.59,57.21,59.24,55.18,67.36,61.95,61.95,63.98,55.18,57.89,58.56,60.59,59.24,49.76,45.7,47.05,52.47,48.41,59.24,50.44,52.47,47.05,30.13,45.7,49.76,40.28,48.41,43.67,26.74,49.08,40.28,26.74,51.12,51.12,55.18,43.67,51.12,48.41,51.12,48.41,38.93,53.82,41.64,41.64,36.9,49.08,40.28,55.18,57.21,41.64,45.7,48.41,48.41,58.56,26.74,58.56,57.21,47.05,52.47,49.76,26.74,57.21,49.76,49.76,47.05,33.51,45.7,36.9,54.5,33.51,60.59,51.79,40.28,55.86,43.67,36.9,55.86,42.31,55.18,50.44,19.97,36.9,59.24,48.41,30.13,33.51,57.21,55.18,50.44,66.01,53.82,60.59,52.47,53.82,55.86,58.56,58.56,,,,
P225,49.99926605504587,9.998390676654106,61.46,61.02,59.7,60.58,61.02,61.02,55.74,62.78,62.78,59.7,58.82,58.38,57.94,61.9,61.02,58.82,49.14,25.81,52.22,38.14,32.42,49.14,28.01,60.58,47.82,39.02,50.02,31.54,55.74,56.62,46.5,31.54,55.74,49.14,52.22,61.02,42.54,47.82,57.94,52.22,39.46,54.86,47.38,53.54,52.22,53.54,53.54,36.38,28.01,34.62,35.94,51.78,50.46,42.1,39.02,44.74,50.46,48.26,57.06,56.62,56.18,35.94,54.42,59.7,36.82,34.62,54.86,56.62,43.42,49.58,54.86,47.82,49.14,31.54,59.26,43.86,38.14,50.46,23.61,51.34,47.82,53.54,27.13,52.66,52.22,31.54,39.02,28.01,50.02,56.62,56.18,56.62,53.98,61.46,58.82,53.54,54.86,58.38,52.22,53.98,58.38,59.26,57.06,53.98,56.62,55.74,60.14,53.54,58.82
P229,49.99980952380952,9.999541429961868,63.24,62.63,61.39,62.01,61.39,56.46,56.46,58.31,60.78,62.63,57.08,55.84,57.69,57.69,42.28,21.93,28.09,51.53,52.76,37.34,40.43,28.71,52.76,52.14,44.74,47.83,53.38,43.51,45.98,49.68,51.53,42.89,50.91,48.44,37.34,62.01,45.36,52.14,49.06,39.81,55.23,53.38,49.06,58.93,18.23,55.23,48.44,26.86,55.84,42.28,53.38,45.98,52.14,46.59,35.49,51.53,53.99,49.68,57.08,49.06,55.84,53.38,27.48,49.06,34.88,53.38,33.64,54.61,55.84,51.53,21.31,47.21,54.61,51.53,49.06,24.39,42.28,26.24,53.99,54.61,61.39,57.69,57.08,56.46,61.39,53.38,52.14,57.69,55.23,50.91,57.08,53.38,54.61,54.61,56.46,56.46,57.69,53.99,58.31,53.99,49.68,53.38,57.08,55.84,54.61,,,,
P230,50.000970873786414,9.99983083333022,71.98,53.75,69.18,61.46,54.45,67.07,53.75,56.56,57.96,69.18,67.07,57.96,55.85,57.26,60.06,67.07,53.05,57.96,66.37,53.05,55.85,64.97,55.15,53.05,28.51,39.03,43.94,50.95,50.25,52.35,42.53,37.63,46.04,53.75,28.51,55.15,44.64,43.94,27.11,57.26,53.05,53.05,48.14,43.23,48.14,46.04,46.74,37.63,52.35,41.13,46.04,52.35,53.05,48.84,52.35,49.54,53.05,40.43,50.95,53.75,39.03,49.54,50.25,28.51,51.65,50.25,21.5,51.65,28.51,55.15,51.65,43.94,50.95,51.65,48.14,50.95,50.95,28.51,51.65,43.94,36.92,32.02,49.54,46.04,48.14,28.51,52.35,28.51,53.75,57.26,50.95,53.05,58.66,48.14,57.96,53.75,53.05,58.66,50.95,64.97,51.65,51.65,53.75,,,,,,
P233,49.79922330097087,9.83562818246834,62.27,63.95,61.42,63.95,51.31,59.74,63.95,63.11,63.95,51.31,63.11,58.05,62.27,63.95,61.42,51.31,26.01,47.09,55.52,51.31,49.62,41.19,52.99,53.83,42.87,52.99,51.31,38.66,48.78,51.31,51.31,34.44,52.99,30.23,51.31,45.4,44.56,45.4,48.78,55.52,51.31,51.31,59.74,21.79,48.78,45.4,42.87,47.09,48.78,50.46,38.66,42.87,52.15,53.83,38.66,51.31,17.58,55.52,47.09,53.83,44.56,49.62,42.87,41.19,47.93,48.78,52.15,42.87,45.4,21.79,52.99,13.36,51.31,42.87,44.56,47.09,47.93,52.15,44.56,61.42,42.03,38.66,48.78,48.78,46.25,55.52,47.09,57.21,62.27,49.62,53.83,47.09,58.05,53.83,55.52,61.42,58.05,53.83,55.52,59.74,58.05,59.74,55.52,,,,,,
P235,50.00029126213592,10.00080128714309,60.15,60.15,62.3,58.72,60.15,60.15,55.85,59.44,60.15,58.0,50.12,55.85,52.99,59.44,56.57,51.55,54.42,54.42,39.37,55.85,48.68,50.12,48.68,15.71,55.14,30.05,55.14,57.29,55.14,47.97,45.82,50.84,47.25,50.84,55.85,55.85,55.85,50.84,47.25,40.08,49.4,52.99,58.0,52.27,46.53,50.84,51.55,53.7,53.7,15.71,60.87,47.25,48.68,53.7,53.7,47.97,47.97,50.84,37.22,50.84,55.85,40.8,15.71,15.71,52.99,38.65,52.27,58.0,51.55,50.12,45.82,40.8,50.12,30.05,53.7,51.55,45.82,46.53,52.99,50.12,48.68,51.55,8.55,58.0,52.27,52.27,50.84,51.55,52.99,58.72,52.27,50.12,50.84,57.29,51.55,52.27,55.85,57.29,52.99,54.42,49.4,52.27,55.14,,,,,,
P236,50.04223300970873,9.974954610151665,61.05,61.82,56.01,61.43,52.53,59.11,53.3,56.01,57.18,58.72,56.4,58.72,61.05,61.43,57.18,56.4,61.82,34.33,54.47,54.08,52.14,37.43,43.62,46.48,38.59,30.07,40.53,41.69,56.01,36.66,43.62,50.98,44.4,44.4,62.21,49.82,33.95,46.72,51.76,50.59,59.11,61.43,46.34,33.56,31.62,59.5,30.85,38.2,41.69,55.24,52.92,59.11,52.92,56.01,54.47,32.78,32.78,52.14,40.14,30.85,47.5,37.82,52.53,52.14,52.14,30.85,45.56,33.95,33.17,33.17,53.69,33.17,40.53,35.49,59.11,45.95,54.08,54.47,42.08,46.72,58.72,60.27,55.24,58.34,57.56,61.82,57.95,59.11,57.56,56.79,58.72,58.34,61.82,60.66,58.72,58.34,55.24,57.56,56.79,56.79,59.89,57.56,30.07,,,,,,
P240,49.99942307692307,10.000757527319568,63.59,62.79,65.19,62.79,59.59,59.59,60.39,61.19,64.39,65.19,59.59,63.59,59.59,57.99,60.39,59.59,60.39,60.39,59.59,40.4,44.39,45.19,33.2,59.59,13.2,39.6,45.19,37.2,50.79,49.99,51.59,45.19,29.2,49.19,38.8,39.6,48.39,47.59,39.6,29.2,39.6,47.59,13.2,53.19,53.19,55.59,58.79,52.39,45.99,41.99,39.6,41.99,55.59,47.59,57.19,43.59,33.2,53.19,40.4,43.59,49.19,55.59,45.19,54.79,43.59,57.99,38.8,49.19,49.19,57.19,46.79,47.59,44.39,42.79,48.39,33.2,40.4,53.19,45.19,53.19,51.59,41.99,49.19,49.19,41.19,47.59,51.59,43.59,57.99,54.79,57.19,57.19,57.99,53.19,55.59,60.39,55.59,55.59,50.79,57.99,58.79,52.39,61.19,61.19,,,,,
P255,50.00048076923077,10.000032172745108,64.77,64.18,55.96,64.18,60.66,65.36,55.96,54.19,50.67,57.13,60.07,54.78,60.66,47.14,65.94,58.89,59.48,60.07,64.77,57.13,65.36,57.72,55.96,50.67,31.28,40.09,53.02,55.96,54.78,31.28,45.38,48.9,44.2,25.4,45.97,47.14,47.14,34.21,57.72,31.28,34.21,52.43,37.74,28.34,45.97,51.25,44.2,25.4,52.43,51.25,51.84,38.92,54.19,47.14,51.25,40.09,40.09,31.28,51.25,34.21,48.32,51.25,36.57,46.55,44.2,55.37,34.21,53.02,36.57,31.28,35.39,53.6,48.9,28.34,39.5,55.37,55.37,49.49,57.72,54.19,53.02,52.43,40.09,58.89,54.78,54.19,53.02,59.48,54.19,51.25,60.07,61.24,50.67,60.07,51.84,60.07,50.67,48.32,55.96,53.02,59.48,57.72,54.78,60.66,,,,,
P256,49.7890291262136,9.81288124170721,71.73,65.0,60.51,60.51,71.73,66.49,64.25,53.03,65.0,53.03,62.75,66.49,53.03,66.49,48.54,39.56,53.03,53.03,23.1,45.55,23.1,50.04,49.29,48.54,49.29,51.53,45.55,44.05,45.55,49.29,34.33,45.55,59.01,30.59,50.04,53.03,47.04,54.52,30.59,34.33,49.29,47.04,44.05,53.03,47.79,47.04,30.59,45.55,23.1,47.79,47.04,43.3,45.55,44.05,53.03,23.1,50.78,47.04,45.55,43.3,45.55,53.03,44.05,45.55,34.33,49.29,53.03,45.55,59.01,50.78,47.79,44.05,53.03,45.55,60.51,49.29,50.04,49.29,50.78,45.55,45.55,45.55,59.01,49.29,64.25,54.52,62.01,66.49,53.03,50.78,49.29,56.77,49.29,59.01,47.04,60.51,47.79,51.53,51.53,53.03,50.78,47.04,62.01,,,,,,
P266,49.99794392523365,9.999032003933875,61.48,55.84,57.72,62.42,62.42,59.6,57.72,59.6,63.36,59.6,57.72,62.42,61.48,62.42,61.48,59.6,61.48,57.72,29.52,43.62,38.92,29.52,50.2,29.52,38.92,53.02,29.52,48.32,48.32,50.2,29.52,38.92,44.56,53.02,38.92,43.62,38.92,48.32,46.44,44.56,62.42,53.02,55.84,57.72,48.32,46.44,48.32,43.62,43.62,53.02,53.02,48.32,57.72,67.12,46.44,53.02,55.84,48.32,50.2,29.52,53.02,57.72,48.32,43.62,34.22,38.92,46.44,43.62,48.32,29.52,29.52,57.72,48.32,34.22,29.52,48.32,52.08,55.84,29.52,46.44,34.22,59.6,48.32,53.02,46.44,29.52,48.32,53.02,48.32,57.72,55.84,57.72,57.72,53.02,57.72,57.72,57.72,57.72,57.72,61.48,57.72,62.42,57.72,53.02,57.72,48.32,62.42,,
P267,50.0,10.000926133584418,67.76,67.76,64.09,57.36,60.42,54.3,60.42,66.54,61.64,62.87,59.19,53.07,68.37,62.87,57.97,62.25,61.03,60.42,45.12,46.95,48.18,49.4,49.4,17.57,38.99,37.77,46.34,35.93,51.24,56.74,48.18,47.56,54.3,51.24,35.93,38.99,54.3,51.85,43.89,35.93,37.77,46.34,35.93,36.55,52.46,52.46,21.24,48.18,59.19,38.99,35.93,45.12,38.99,46.34,43.89,46.95,55.52,53.68,58.58,53.07,38.38,38.99,37.77,48.18,43.28,53.07,50.62,21.24,51.85,54.3,60.42,53.07,57.36,39.61,54.91,48.18,35.93,53.07,54.91,51.24,46.95,46.95,43.28,43.28,38.99,46.34,37.16,56.13,56.13,51.85,51.85,54.91,50.01,60.42,54.3,57.36,57.36,61.64,57.97,55.52,50.01,60.42,63.48,,,,,,
P270,50.00028846153847,10.000514691291613,61.52,58.64,58.06,55.19,63.82,60.94,55.19,62.67,56.34,55.19,62.09,55.19,56.91,60.36,63.82,65.54,52.31,59.21,52.89,58.06,56.34,63.82,54.04,43.11,49.44,48.29,46.56,44.26,43.68,54.61,56.91,46.56,50.59,35.63,48.29,29.3,43.68,33.91,48.29,33.33,52.31,55.19,37.93,51.16,47.13,55.19,32.18,54.04,46.56,32.18,43.68,56.34,36.78,42.53,51.74,40.81,55.19,31.03,60.94,43.68,48.29,45.41,40.81,49.44,29.3,47.71,43.68,62.09,49.44,32.18,58.06,42.53,35.06,41.38,31.03,46.56,29.3,23.55,31.03,41.38,49.44,53.46,39.08,48.29,49.44,54.04,58.64,62.09,60.94,59.79,50.59,65.54,55.19,55.19,49.44,60.94,60.94,59.79,58.64,55.19,58.06,59.21,58.64,58.06,,,,,
P282,50.00009615384616,10.00015635753415,57.76,59.15,62.62,55.68,62.62,54.29,59.15,62.62,54.29,57.07,58.45,55.68,59.15,54.29,52.2,59.15,58.45,57.76,55.68,52.9,56.37,50.81,51.51,46.65,55.68,49.43,53.59,50.81,45.95,50.81,55.68,50.12,49.43,3.59,51.51,51.51,38.31,48.73,57.76,52.9,45.95,53.59,21.65,46.65,10.53,55.68,48.73,52.9,50.81,27.9,56.37,57.76,36.92,53.59,44.56,48.73,39.01,55.68,41.79,27.9,48.73,51.51,52.2,49.43,17.48,46.65,51.51,52.2,34.84,50.81,41.79,44.56,36.92,48.73,46.65,56.37,36.92,51.51,57.76,60.54,51.51,39.01,45.26,50.12,52.9,53.59,54.29,52.9,54.29,52.9,54.29,53.59,59.15,53.59,52.2,55.68,53.59,50.81,56.37,50.12,57.76,52.9,55.68,53.59,,,,,
P287,50.12149532710279,9.940619338715376,66.25,65.77,67.69,62.42,62.42,60.5,66.25,66.73,57.62,61.46,54.26,57.14,58.58,53.3,65.77,63.85,57.14,56.18,66.25,45.63,52.82,52.34,65.77,48.51,58.58,66.25,42.27,52.82,57.14,50.91,52.34,46.59,29.8,53.3,45.63,32.2,38.44,29.32,53.03,54.74,56.18,32.2,57.14,55.7,50.91,42.75,46.11,47.07,39.4,40.35,52.34,39.4,37.0,33.16,50.91,42.27,57.62,46.59,40.96,46.59,56.18,58.58,42.27,38.44,57.62,54.26,30.28,47.55,56.18,32.68,46.11,47.55,44.19,39.88,43.23,43.71,50.43,50.43,32.68,27.89,45.63,52.34,31.24,33.64,43.71,39.88,39.4,48.51,44.67,44.67,45.83,46.59,56.66,45.15,48.03,57.62,56.66,61.46,53.3,60.02,61.94,58.1,54.74,54.26,57.62,58.58,49.95,,
P294,49.99999999999999,10.00015048906373,62.63,59.15,55.66,54.66,59.64,58.65,56.16,60.14,58.65,60.14,69.11,64.13,65.62,60.14,67.12,59.64,59.64,56.16,59.15,64.62,53.17,62.13,28.76,48.19,43.2,44.7,44.2,57.15,44.2,28.76,53.17,43.2,40.22,46.19,44.2,38.72,39.22,57.65,44.2,40.22,26.27,49.18,57.15,43.2,45.2,28.76,46.19,52.67,50.68,43.2,55.16,45.2,43.2,40.22,45.7,48.68,42.71,57.15,50.68,50.68,51.18,53.17,45.2,43.7,41.21,55.66,47.69,31.25,49.68,49.68,47.69,53.17,43.2,49.68,53.17,59.15,23.78,28.76,23.78,47.19,55.66,50.18,47.69,49.18,47.19,23.78,43.2,43.7,60.14,55.16,53.17,57.65,62.63,48.68,59.15,60.64,58.15,58.15,57.15,56.16,55.16,55.16,60.14,,,,,,
P297,50.00028846153847,9.999464593116562,60.43,65.8,60.43,65.8,63.5,60.43,65.8,52.77,59.67,61.97,61.97,62.74,69.64,57.37,61.97,54.3,51.23,42.8,42.8,46.63,46.63,27.46,58.13,49.7,47.4,38.96,38.96,38.96,46.63,46.63,58.9,48.93,46.63,38.96,46.63,51.23,38.96,46.63,55.07,46.63,42.8,38.96,38.96,46.63,38.96,54.3,42.8,38.96,52.0,61.97,46.63,52.0,58.13,55.07,55.07,52.0,55.07,46.63,55.83,23.62,31.29,55.07,51.23,38.96,42.8,27.46,56.6,50.46,54.3,54.3,31.29,55.07,38.96,42.8,46.63,55.07,50.46,55.83,27.46,51.23,23.62,42.8,55.07,55.07,38.96,23.62,55.83,54.3,42.8,50.46,52.77,57.37,58.13,57.37,55.83,59.67,55.83,58.13,55.83,58.13,58.13,54.3,56.6,59.67,,,,,
P322,49.99980769230768,10.000666092453832,66.08,71.31,62.81,70.66,65.42,62.15,58.88,64.11,62.15,60.84,69.35,62.81,61.5,59.54,54.96,56.26,54.96,54.96,64.77,58.23,54.96,62.81,49.72,46.45,38.6,34.02,43.18,35.33,51.03,30.1,43.18,39.91,48.41,47.76,50.38,51.03,30.1,35.33,43.18,55.61,45.14,33.37,43.18,37.95,45.14,44.49,41.22,45.14,46.45,51.69,58.88,39.91,55.61,41.87,44.49,45.14,49.07,52.99,54.3,50.38,43.84,30.1,54.96,43.84,55.61,41.22,37.95,45.8,41.22,49.72,36.64,56.92,38.6,45.8,34.68,56.26,32.06,30.75,38.6,37.95,35.99,53.65,55.61,43.18,54.96,54.3,52.34,66.08,51.03,43.18,48.41,54.96,55.61,58.88,56.92,56.92,58.88,54.3,47.76,52.34,65.42,58.23,55.61,53.65,,,,,
P334,49.99980392156862,9.99990831447,63.92,58.82,56.04,60.68,63.0,58.82,58.36,67.63,60.68,58.82,60.21,61.6,62.07,60.21,58.82,62.53,56.97,58.82,56.5,41.67,49.09,31.0,34.71,50.48,42.6,59.29,33.32,39.81,37.96,44.45,50.94,32.39,52.33,41.67,37.03,43.06,45.38,56.5,46.3,51.4,50.94,27.76,45.38,48.62,52.8,41.67,58.36,46.3,54.65,49.55,54.19,45.38,52.33,41.67,37.03,34.71,44.45,44.45,50.94,27.76,48.62,47.7,45.38,47.7,30.08,51.4,37.03,43.99,33.32,27.76,29.15,51.4,55.58,37.03,53.72,46.3,51.87,56.04,37.03,30.54,55.58,59.29,57.9,59.75,60.68,58.36,62.07,61.6,54.19,50.48,51.87,56.04,54.65,57.43,63.0,59.29,59.75,50.94,60.21,60.21,54.65,55.58,,,,,,,
P336,49.78145631067961,9.829787802924514,68.94,65.55,62.15,64.19,62.15,62.15,58.75,55.36,63.51,66.23,58.75,60.11,70.3,31.58,51.96,48.56,54.0,45.17,49.24,43.13,37.69,48.56,53.32,46.53,51.28,31.58,56.04,56.04,50.6,31.58,48.56,34.98,49.92,38.37,46.53,34.98,39.73,54.0,52.64,50.6,51.96,53.32,58.07,45.85,55.36,31.58,41.77,50.6,38.37,41.77,54.68,62.58,48.56,43.81,56.04,48.56,45.85,31.58,59.43,53.32,47.2,34.98,58.75,43.81,34.98,50.6,36.34,45.17,28.18,52.64,62.15,41.77,44.49,47.2,49.92,47.2,52.64,41.77,40.41,60.83,39.05,31.58,34.98,31.58,45.17,49.92,48.56,48.56,54.68,60.11,63.51,49.92,60.11,55.36,48.56,56.71,65.55,56.71,62.83,58.07,56.04,54.0,46.53,,,,,,
P339,49.83539215686275,9.908618477957463,69.2,62.83,66.81,62.83,65.22,61.23,65.22,59.64,61.23,55.66,62.83,43.71,71.59,41.33,37.34,41.33,46.9,38.14,29.38,49.29,29.38,51.68,43.71,42.92,46.9,47.7,42.12,56.46,42.12,56.46,59.64,33.36,55.66,50.88,57.25,33.36,54.07,33.36,46.9,46.9,58.05,37.34,33.36,33.36,38.94,49.29,38.94,55.66,42.92,49.29,53.27,45.31,33.36,38.94,39.73,37.34,49.29,43.71,29.38,57.25,54.86,51.68,40.53,54.86,37.34,46.9,37.34,51.68,47.7,51.68,61.23,41.33,42.92,54.86,54.07,45.31,50.09,41.33,45.31,58.05,59.64,61.23,63.62,66.01,54.07,59.64,53.27,57.25,58.05,50.88,52.47,43.71,58.05,49.29,61.23,54.86,58.84,55.66,51.68,61.23,42.12,54.07,,,,,,,
P344,49.999326923076914,10.000375067182064,66.67,59.17,58.59,66.09,64.36,60.32,55.71,60.32,64.94,62.05,65.51,52.82,56.86,58.59,62.05,66.67,58.59,60.9,53.98,64.36,53.98,63.78,56.28,52.82,43.02,51.67,48.21,47.63,55.71,49.36,47.05,32.63,26.87,43.02,26.87,45.32,41.29,53.4,42.44,35.52,47.63,46.48,51.09,44.17,38.4,45.9,47.63,52.82,32.63,43.59,44.17,52.82,26.87,47.05,49.94,29.75,54.55,47.05,51.67,28.02,51.67,53.98,29.75,51.67,48.21,51.09,51.09,53.98,36.67,44.17,32.63,54.55,50.52,44.17,48.21,32.63,32.63,26.87,29.75,45.9,49.94,48.21,54.55,49.94,59.74,53.4,51.67,51.67,56.28,49.94,54.55,52.82,55.71,59.74,56.28,54.55,55.71,56.86,52.82,56.86,58.01,57.44,58.01,57.44,,,,,
P350,49.95165048543688,9.927815459516285,60.49,80.44,71.57,67.14,62.71,67.14,58.27,67.14,60.49,73.79,56.06,53.84,54.95,69.36,58.27,61.6,61.6,64.92,63.81,64.92,50.52,51.62,58.27,53.84,36.11,53.84,49.41,36.11,42.76,44.98,48.3,37.22,49.41,36.11,36.11,62.14,36.11,41.65,49.41,41.65,36.11,46.08,49.41,49.41,47.19,41.65,41.65,47.19,49.41,42.76,39.43,38.33,44.98,41.65,59.38,48.3,52.73,52.73,47.19,44.98,50.52,54.95,48.3,47.19,53.84,37.22,36.11,51.62,49.41,36.11,50.52,36.11,49.41,48.3,48.3,37.22,47.19,54.95,36.11,36.11,40.54,42.76,38.33,37.22,44.98,43.87,36.11,49.41,36.11,39.43,56.06,56.06,47.19,49.41,57.17,53.84,54.95,60.49,53.84,57.17,53.84,59.38,52.73,,,,,,
P356,50.00000000000001,10.000280373428028,63.91,67.88,63.34,64.48,66.18,63.91,61.08,64.48,57.11,62.21,66.74,57.68,61.08,61.08,68.44,60.51,54.85,35.03,41.26,37.29,44.09,35.59,33.33,38.42,46.92,49.75,46.92,49.75,38.42,44.65,44.09,54.85,52.58,51.45,56.55,54.85,53.72,49.75,46.35,45.22,46.35,42.95,32.76,38.42,44.09,38.42,44.65,54.28,55.98,50.88,52.58,44.09,38.42,41.26,35.59,49.75,38.42,54.85,38.42,37.29,56.55,44.09,48.05,41.26,46.92,58.25,27.1,50.88,56.55,27.1,54.28,52.58,32.76,53.15,46.92,27.66,27.66,43.52,49.75,48.62,58.25,41.26,35.59,35.59,61.08,54.28,53.72,58.81,57.11,63.91,44.09,54.28,56.55,53.72,54.85,57.11,59.38,52.02,55.98,58.25,55.42,54.85,60.51,58.25,61.08,49.75,55.42,,
P370,50.000192307692295,9.999971066052243,58.03,61.13,60.1,57.52,54.93,64.23,57.52,59.06,63.2,63.71,50.8,59.58,62.68,60.1,61.13,62.16,59.06,57.52,64.23,61.13,24.97,49.77,43.57,42.02,47.18,47.18,44.6,61.13,53.9,39.43,49.77,44.6,31.69,47.7,48.22,37.37,51.32,46.15,47.7,50.8,44.6,53.38,42.02,55.97,48.22,44.6,54.93,43.57,27.04,40.47,48.73,48.73,30.14,39.43,39.43,55.97,27.04,42.02,52.35,29.1,54.93,24.45,49.77,52.87,44.6,54.93,29.1,47.7,31.69,42.02,52.87,49.77,24.97,57.52,42.02,51.32,49.77,47.18,29.1,54.93,55.97,61.65,53.38,57.52,59.06,52.87,53.9,54.93,52.35,57.52,54.93,60.1,53.38,58.55,58.03,53.38,42.02,61.13,49.77,59.06,52.87,58.03,51.83,61.65,,,,,
P372,50.000194174757276,10.000019605920244,63.56,62.54,57.42,65.1,56.91,62.03,62.03,57.42,59.98,60.49,56.39,62.54,61.51,61.0,58.44,58.44,54.86,58.44,37.96,45.13,32.84,47.18,46.66,32.84,35.91,37.96,45.64,40.52,40.52,48.2,37.96,46.66,56.39,52.3,51.78,53.32,50.25,55.88,37.96,52.3,55.88,53.83,49.74,47.18,53.32,32.84,38.98,43.08,37.96,51.27,45.64,48.2,49.74,61.0,38.98,37.96,36.93,32.84,48.2,32.84,55.37,40.52,44.1,54.35,49.22,52.3,22.59,43.08,48.71,22.59,59.98,59.47,35.4,54.35,44.62,50.76,46.15,22.59,38.98,40.52,54.86,65.61,58.95,58.44,39.49,57.42,59.98,56.39,59.47,55.88,49.74,56.91,52.3,61.51,56.91,58.44,54.86,56.91,59.47,59.98,57.42,53.32,58.44,,,,,,
P376,49.88388349514564,9.937130728915085,60.54,68.38,68.38,70.12,69.25,64.9,53.58,54.45,62.28,59.67,64.9,64.9,62.28,53.58,62.28,70.99,44.87,42.26,51.83,47.48,36.16,49.22,44.0,51.83,39.64,44.87,60.54,41.38,46.61,50.96,27.45,49.22,44.87,50.96,40.51,55.32,48.35,46.61,48.35,58.8,44.0,44.87,58.8,50.09,53.58,47.48,46.61,41.38,50.09,41.38,55.32,31.81,49.22,43.13,47.48,46.61,40.51,41.38,43.13,44.87,44.87,32.68,48.35,54.45,50.09,53.58,41.38,30.94,34.42,46.61,27.45,49.22,44.87,37.9,45.74,51.83,50.09,43.13,43.38,36.16,33.55,44.87,27.45,42.26,66.64,56.19,65.77,47.48,55.32,57.93,65.77,53.58,58.8,48.35,53.58,68.38,48.35,49.22,58.8,50.96,50.96,54.45,57.93,,,,,,
P386,49.99980582524272,9.999397627012488,56.5,59.31,68.45,64.23,59.31,55.8,57.21,54.39,60.72,57.21,66.34,58.61,62.83,63.53,60.72,59.31,58.61,60.72,33.31,33.31,52.29,43.15,40.34,33.31,33.31,53.69,48.07,44.55,54.39,33.31,61.42,50.88,50.88,40.34,44.55,53.69,33.31,53.69,40.34,47.37,54.39,51.58,49.47,15.74,55.1,47.37,33.31,50.18,38.93,50.18,40.34,50.18,33.31,40.34,33.31,33.31,50.18,46.66,52.29,47.37,50.18,55.8,52.99,33.31,50.88,33.31,51.58,33.31,33.31,54.39,55.1,33.31,47.37,53.69,59.31,55.1,43.15,40.34,33.31,63.53,57.91,54.39,56.5,55.1,52.99,49.47,57.91,55.8,52.29,58.61,58.61,51.58,54.39,60.02,52.29,56.5,58.61,56.5,56.5,53.69,61.42,52.29,56.5,,,,,,
P391,49.753009708737856,9.761330453652054,67.87,63.3,58.73,70.61,56.91,51.42,55.08,55.08,63.3,54.16,66.04,62.39,61.47,49.6,49.6,31.32,42.29,63.3,56.91,36.8,52.34,51.42,45.03,39.55,45.03,38.63,40.46,54.16,40.46,52.34,46.86,31.32,49.6,51.42,63.3,40.46,63.3,36.8,60.56,45.94,38.63,42.29,54.16,49.6,45.94,53.25,63.3,51.42,46.86,60.3,31.32,40.46,47.77,49.6,51.42,63.3,45.03,49.6,47.77,31.32,47.77,54.16,31.32,45.94,56.91,45.03,31.32,31.32,63.3,32.24,45.94,31.32,47.77,47.77,37.72,40.46,44.11,54.16,49.6,33.15,54.16,40.46,34.06,55.08,60.56,45.94,54.16,55.08,53.25,58.73,56.91,53.25,54.16,56.91,55.99,43.2,58.73,64.21,47.77,47.77,58.73,56.91,58.73,,,,,,
P402,50.00009615384616,9.999632080143623,67.05,63.15,58.14,68.16,57.03,64.26,64.82,63.71,65.38,58.7,65.38,51.46,62.59,60.92,58.14,53.69,40.33,54.24,50.35,54.24,42.56,56.47,55.36,48.12,42.56,45.34,51.46,47.56,53.13,48.12,40.89,67.6,41.44,45.34,51.46,55.36,30.31,49.23,44.78,54.24,43.11,45.9,38.1,44.23,45.34,44.78,61.48,40.33,24.75,54.8,44.23,43.67,55.91,37.55,47.01,48.68,30.31,53.13,57.03,34.21,50.35,53.13,33.09,51.46,50.35,55.91,43.67,44.23,55.91,49.79,60.37,47.01,53.13,49.23,27.53,24.75,42.0,39.22,36.43,51.46,52.02,40.33,49.79,44.23,34.76,52.02,52.57,19.18,53.13,41.44,61.48,53.13,47.56,56.47,53.13,59.81,50.9,60.92,50.9,58.14,58.7,57.58,62.59,62.59,,,,,
P406,49.99999999999999,10.000167253503275,68.04,58.02,62.32,58.74,65.9,51.58,57.31,58.02,60.17,63.75,63.03,58.74,50.86,58.02,60.17,58.02,58.74,59.45,69.48,31.53,56.59,55.87,51.58,32.25,53.01,35.11,55.87,47.28,30.1,55.87,53.01,40.12,48.71,30.82,45.85,49.43,51.58,47.28,37.26,30.1,53.01,50.15,53.01,47.28,30.1,53.01,48.0,52.29,46.57,51.58,58.02,51.58,43.7,37.98,42.27,40.12,32.25,33.68,48.0,56.59,64.46,35.83,55.87,53.01,55.87,52.29,56.59,36.54,51.58,51.58,40.84,47.28,56.59,50.86,48.0,49.43,46.57,41.55,31.53,32.96,30.1,30.1,55.16,35.11,54.44,59.45,58.74,56.59,30.1,54.44,48.71,58.02,53.01,58.74,56.59,54.44,46.57,57.31,55.16,51.58,65.18,53.01,59.45,,,,,,
P418,50.001826923076926,9.999064787766292,69.52,65.42,62.49,65.42,62.49,63.66,65.42,57.8,60.73,61.31,58.38,67.17,59.56,44.91,59.56,61.31,50.77,47.84,44.91,40.22,39.05,46.08,47.84,51.94,50.77,49.59,47.84,53.7,53.7,41.98,27.33,27.33,46.08,47.84,39.05,44.91,33.19,56.63,41.98,46.08,47.84,55.45,47.84,30.26,41.98,33.19,53.7,59.56,39.05,39.05,57.8,39.05,27.33,61.31,37.87,47.84,27.33,47.84,50.77,43.73,27.33,46.66,27.33,57.8,53.11,39.05,53.7,36.12,55.45,47.84,49.59,43.73,46.08,41.98,51.94,50.77,42.56,53.7,53.7,44.91,47.84,47.84,53.7,53.7,57.8,56.63,51.94,55.45,44.91,60.14,50.77,57.8,53.7,60.14,58.97,56.63,58.38,59.56,41.98,56.63,56.63,59.56,58.38,67.17,,,,,
P434,50.00057692307693,10.000280658869595,60.95,60.36,61.54,58.59,63.89,58.59,52.71,60.36,59.18,66.25,63.89,57.42,60.95,59.18,55.06,65.07,58.0,60.36,65.07,39.17,36.81,52.71,51.53,36.81,39.17,54.47,55.65,48.0,53.29,43.29,52.12,46.82,29.75,43.29,56.24,41.52,34.46,51.53,29.75,50.94,46.23,59.77,55.65,32.69,53.29,48.58,38.58,34.46,49.76,36.22,52.12,61.54,23.86,52.12,37.4,53.29,51.53,23.86,53.88,39.75,55.65,42.7,45.64,52.71,46.23,51.53,51.53,42.7,44.46,43.29,36.81,45.64,57.42,29.16,49.76,25.63,31.51,50.35,27.39,53.88,56.24,57.42,50.94,62.12,54.47,52.71,59.77,50.94,51.53,55.65,53.29,52.71,49.17,59.18,52.12,50.94,57.42,53.29,52.12,50.94,58.0,56.24,59.77,59.77,,,,,
P438,49.998932038834944,9.999213195774539,66.68,59.06,69.86,56.52,61.6,66.68,56.52,67.32,74.31,60.97,62.87,61.6,67.32,61.6,55.25,61.6,51.44,39.38,50.17,36.2,48.9,54.62,39.38,44.46,29.85,41.28,37.47,48.9,55.25,34.93,29.85,48.9,52.71,42.55,49.54,36.2,38.74,53.35,50.81,42.55,40.65,52.08,45.73,50.81,61.6,36.2,48.9,48.9,47.0,29.85,51.44,34.93,52.71,36.2,42.55,43.82,52.08,50.17,53.98,48.9,38.74,34.93,48.9,58.43,33.03,36.2,36.2,65.41,47.63,52.08,34.93,50.81,55.25,54.62,39.38,45.09,36.2,39.38,45.73,36.2,57.79,45.09,57.79,45.73,50.17,50.17,52.71,55.25,61.6,57.16,55.25,57.79,59.06,61.6,52.08,52.08,53.35,65.41,48.9,55.25,55.25,61.6,53.98,,,,,,
P443,49.99951456310679,10.000254151539053,64.38,62.59,58.13,56.34,56.34,62.59,55.45,53.67,62.59,60.81,60.81,62.59,60.81,57.24,59.02,39.38,44.74,49.2,40.27,39.38,32.24,50.1,51.88,36.7,38.49,41.17,41.17,50.1,41.17,32.24,32.24,53.67,23.31,50.1,51.88,36.7,58.13,49.2,44.74,32.24,60.81,49.2,44.74,44.74,40.27,56.34,60.81,56.34,32.24,52.77,32.24,51.88,49.2,49.2,32.24,47.42,36.7,49.2,53.67,43.85,41.17,58.13,53.67,32.24,36.7,52.77,42.06,50.99,36.7,32.24,58.13,36.7,58.13,34.92,62.59,58.13,58.13,49.2,58.13,57.24,56.34,56.34,56.34,56.34,53.67,56.34,59.92,57.24,54.56,51.88,48.31,61.7,53.67,60.81,56.34,56.34,58.13,63.49,53.67,60.81,66.17,53.67,32.24,,,,,,
P446,49.72401960784314,9.648043690257454,64.72,63.93,61.56,64.72,63.14,55.26,58.41,58.41,58.41,56.83,56.83,55.26,56.83,60.77,59.2,61.56,56.05,52.1,47.38,53.68,37.92,42.65,53.68,47.38,48.95,55.26,52.89,34.76,35.55,52.89,48.95,42.65,46.59,57.62,44.22,38.7,55.26,38.7,45.01,48.16,61.56,52.1,46.59,44.22,34.76,26.88,35.55,54.47,42.65,53.68,49.74,58.41,48.16,45.01,38.7,45.01,42.65,44.22,45.01,52.89,42.65,26.88,48.16,48.95,34.76,12.69,46.59,22.94,46.59,56.83,41.86,48.95,58.41,52.1,50.53,46.59,46.59,20.58,53.68,54.47,53.68,46.59,50.53,54.47,49.74,54.47,52.1,53.68,53.68,55.26,58.41,59.99,53.68,53.68,54.47,61.56,57.62,44.22,58.41,59.99,52.89,56.83,,,,,,,
P449,50.02970873786407,9.974499098565094,61.42,61.42,57.68,53.41,57.68,58.75,61.42,58.75,61.42,60.89,56.61,60.36,62.49,50.73,50.73,56.08,50.73,59.82,58.75,56.08,53.41,61.42,50.73,34.69,45.39,48.06,48.06,37.37,45.39,50.73,56.08,53.41,48.06,45.39,53.41,56.08,37.37,37.37,37.37,34.69,34.69,55.01,45.39,45.39,42.71,45.39,48.06,57.15,45.39,48.06,45.39,48.06,42.71,50.73,60.36,40.04,56.08,37.37,51.8,57.68,13.31,40.04,48.06,57.68,34.69,56.08,59.29,42.71,45.39,58.75,45.39,18.65,53.41,42.71,45.39,18.65,59.29,52.34,18.65,50.73,45.39,46.45,55.54,48.06,55.01,56.08,56.08,53.41,53.41,43.04,59.82,58.75,58.22,55.01,60.36,42.71,58.75,61.42,61.42,55.54,50.73,53.41,56.08,,,,,,
P453,50.00019047619048,10.000233937739846,65.69,64.64,60.98,57.84,62.02,54.7,57.32,54.7,59.41,62.55,57.32,60.98,58.36,64.12,60.45,63.07,65.16,55.22,57.84,59.93,48.94,58.88,59.41,57.84,57.32,43.71,49.99,52.61,41.1,54.7,47.9,51.04,53.13,51.56,57.32,56.27,26.44,41.1,54.18,53.65,48.42,56.27,52.08,25.92,53.13,40.57,27.49,52.08,49.47,57.32,34.82,50.51,51.04,51.04,59.93,46.33,56.27,34.82,37.96,49.47,49.99,37.96,45.8,44.23,51.56,24.87,49.99,50.51,47.9,53.65,40.57,52.08,48.42,54.7,59.41,49.47,52.61,49.99,33.25,44.76,43.19,43.19,52.08,24.87,50.51,52.61,46.33,24.87,46.33,52.08,50.51,25.92,29.06,52.61,24.87,42.14,47.37,61.5,51.56,55.22,51.56,50.51,59.93,56.79,58.36,,,,
P454,49.999615384615396,10.000288823312252,56.44,61.86,58.25,57.04,60.06,60.66,56.44,54.63,61.86,63.07,59.45,56.44,63.07,57.04,60.06,59.45,58.25,55.83,58.25,55.83,56.44,58.25,52.82,41.96,44.98,26.88,17.84,38.95,44.98,49.2,41.96,51.61,51.61,54.02,44.98,20.85,49.8,35.93,56.44,46.18,20.85,47.39,51.01,20.85,43.77,54.02,49.8,17.84,57.64,57.64,46.18,38.95,51.01,44.98,44.98,51.01,46.18,41.96,47.99,54.02,54.02,32.92,52.22,51.01,41.96,38.95,52.22,55.83,60.06,51.01,51.01,52.82,58.25,51.01,54.63,57.04,44.98,51.01,35.93,51.61,51.01,26.88,51.01,55.23,44.98,53.42,35.93,54.02,51.01,57.04,55.83,55.83,56.44,54.02,56.44,57.04,55.83,51.61,55.83,52.22,60.06,54.02,54.02,54.02,,,,,
P459,49.99970873786408,9.99961954730305,65.24,62.01,58.78,62.01,55.55,55.55,62.01,65.24,55.55,55.55,58.78,49.09,59.43,62.01,67.18,58.78,68.47,56.84,67.18,52.32,55.55,43.92,23.25,60.72,52.32,52.32,49.09,45.86,23.25,51.67,49.09,52.32,51.03,51.67,45.86,49.09,54.26,52.32,49.09,49.09,49.09,42.63,52.32,52.32,45.86,46.51,54.26,36.17,54.26,47.8,45.86,49.09,49.09,55.55,52.32,52.32,55.55,54.26,49.09,49.09,23.25,52.32,52.32,23.25,52.32,49.09,54.26,36.17,23.25,49.09,49.09,52.32,52.32,49.09,55.55,64.6,45.86,42.63,47.8,52.32,42.63,29.71,45.86,16.79,36.17,42.63,23.25,52.32,49.09,52.32,55.55,52.32,39.4,58.78,52.32,52.97,49.09,55.55,52.32,52.97,50.38,55.55,52.32,,,,,,
P462,49.999803921568635,9.999541175651453,60.78,63.2,60.17,58.96,63.81,56.54,60.78,57.15,54.12,62.6,61.99,57.75,57.75,58.96,57.15,56.54,52.91,55.94,48.06,37.77,55.33,25.06,38.38,53.51,57.75,50.49,43.22,29.29,50.49,51.09,40.19,43.22,52.91,42.01,54.12,45.64,42.62,46.85,50.49,58.96,49.28,47.46,47.46,24.45,54.12,55.94,48.06,35.35,54.73,35.95,55.94,52.91,52.91,31.72,35.35,55.94,51.09,46.25,32.93,52.91,57.75,49.88,34.74,54.12,48.67,46.85,49.88,52.3,49.28,51.09,44.43,15.37,31.11,15.37,44.43,51.09,55.94,53.51,41.4,56.54,48.06,49.28,52.3,46.85,42.01,50.49,59.57,60.78,57.75,66.23,54.73,53.51,58.36,58.96,61.39,45.64,50.49,61.39,57.15,51.09,60.78,54.12,,,,,,,
P464,49.990925925925914,9.896103314784645,60.67,63.08,60.67,52.23,57.65,59.46,57.65,57.05,67.3,54.03,59.46,58.25,57.65,57.65,58.86,60.06,57.65,51.02,33.54,45.6,33.54,49.82,46.8,56.45,53.43,54.03,36.55,57.65,54.03,30.53,42.58,48.61,30.53,33.54,30.53,30.53,49.82,42.58,50.42,61.87,48.61,55.84,52.23,45.6,30.53,48.01,52.83,33.54,49.82,50.42,36.55,45.6,49.82,30.53,30.53,49.82,47.4,58.86,39.57,30.53,30.53,40.55,49.82,51.62,24.5,30.53,36.55,46.8,54.64,36.55,39.57,53.43,49.82,51.02,52.83,60.49,51.02,42.58,52.83,52.23,46.8,59.46,59.46,57.65,57.05,59.46,58.86,53.43,54.64,60.67,53.43,58.86,57.05,54.64,64.88,53.43,60.67,54.64,55.84,58.25,54.64,52.23,52.83,50.42,51.62,60.67,61.87,57.65,
P466,50.0,9.999663004030426,71.43,74.98,68.78,67.0,64.35,59.03,60.81,54.61,59.03,58.15,67.0,57.26,56.38,31.58,50.18,56.38,54.61,51.95,42.21,37.78,59.92,39.55,55.49,49.29,42.21,51.06,31.58,49.29,49.29,57.26,36.01,57.26,51.95,44.87,44.87,56.38,42.21,40.44,44.87,51.95,43.98,38.67,46.64,51.06,60.81,27.15,57.26,43.98,49.29,47.52,40.44,50.18,42.21,49.29,40.44,47.52,42.21,31.58,44.87,56.38,45.75,43.09,51.95,43.09,49.29,50.18,65.23,31.58,22.73,43.98,40.44,33.35,42.21,44.87,51.95,51.06,46.64,58.15,50.18,40.44,47.52,49.29,27.15,45.75,48.41,40.44,63.46,49.29,47.52,58.15,53.72,58.15,58.15,52.84,60.81,51.95,50.18,59.03,60.81,58.15,68.78,65.23,53.72,54.61,,,,,
P477,50.02903846153846,9.983850310758498,70.35,67.11,64.95,57.39,64.95,72.51,53.07,66.03,67.11,53.07,69.27,69.27,69.27,62.79,44.44,64.95,34.72,45.52,63.87,51.99,41.2,40.12,54.15,39.04,40.12,50.91,46.59,34.72,34.72,58.47,35.8,44.44,54.15,49.83,34.72,41.2,50.91,43.36,49.83,58.47,41.2,45.52,51.99,48.75,51.99,46.36,48.75,41.2,54.15,48.75,40.12,40.12,44.44,44.44,54.15,47.67,41.2,47.67,54.15,41.2,34.72,40.12,43.36,41.2,47.67,54.15,34.72,40.12,53.07,49.83,34.72,47.67,34.72,49.83,41.2,47.67,56.31,51.99,56.31,42.28,42.28,57.39,48.75,56.31,41.2,44.44,36.88,41.2,60.63,59.55,50.91,61.71,57.39,63.87,63.87,48.75,44.44,59.55,41.2,40.12,63.87,46.59,69.27,51.99,,,,,
P482,50.00135922330097,9.999216346602571,63.96,59.45,63.96,54.37,52.11,60.57,68.47,61.14,54.37,62.27,61.7,47.04,63.39,55.5,55.5,52.68,60.01,21.66,42.53,42.53,45.91,53.24,35.76,48.73,38.01,43.09,44.22,55.5,35.76,48.17,50.42,47.6,30.12,51.55,27.3,50.99,58.88,48.73,52.68,54.37,36.89,35.76,60.57,56.06,35.76,42.53,29.55,53.24,35.76,41.4,48.17,54.37,38.58,52.68,59.45,18.84,45.91,52.68,47.04,45.91,52.68,49.29,49.29,48.17,55.5,48.17,44.22,58.32,36.89,41.4,55.5,57.19,30.12,24.48,55.5,40.27,54.93,42.53,55.5,58.32,54.37,44.22,58.32,61.14,59.45,57.75,41.4,58.32,57.19,50.99,56.63,60.57,56.63,60.01,56.06,52.11,58.32,53.81,59.45,52.68,60.01,52.68,54.37,,,,,,
P484,49.999805825242724,10.00008391931283,59.72,61.51,62.41,56.58,58.37,65.1,60.17,58.82,60.17,59.72,57.93,56.13,62.86,59.27,66.45,64.2,36.84,53.89,53.89,40.88,35.95,46.26,34.15,51.2,62.41,55.68,55.23,35.05,54.34,52.54,46.71,58.37,32.36,48.51,54.34,47.61,31.46,57.48,51.65,35.95,51.65,31.46,59.27,47.61,52.99,48.51,43.57,35.5,52.99,43.57,41.33,37.74,36.4,31.01,34.6,42.68,41.33,33.26,38.64,54.79,53.44,29.22,53.44,52.99,34.6,30.57,50.3,52.54,51.2,37.74,59.72,56.13,52.99,52.09,52.99,56.58,50.3,48.95,43.12,44.47,40.88,49.85,52.99,49.85,56.58,56.13,61.07,65.1,57.48,45.82,57.03,56.58,57.93,31.01,63.76,57.93,65.55,55.23,53.44,58.37,46.71,57.03,29.22,,,,,,
P485,49.9998076923077,10.000301741153365,65.39,63.29,55.95,52.28,52.28,60.15,65.39,56.48,50.19,59.1,59.1,62.77,57.0,63.81,58.57,48.09,42.85,40.23,40.23,42.85,25.03,47.04,58.57,48.09,47.04,53.33,34.46,48.09,24.5,54.38,22.93,16.64,47.04,45.47,38.13,45.47,47.57,42.85,39.7,50.71,48.61,50.71,54.9,53.33,61.19,40.75,49.66,47.04,50.71,24.5,57.52,58.57,44.42,36.03,53.86,48.09,52.28,53.33,48.09,50.71,42.85,51.76,40.75,20.83,48.09,48.09,33.94,40.75,55.95,42.85,60.15,48.09,56.48,51.76,43.37,41.8,44.42,46.52,53.33,58.57,52.81,58.05,49.66,59.62,62.24,49.14,57.52,59.62,55.95,62.77,48.09,55.95,62.77,54.9,51.76,59.1,49.14,57.52,53.33,60.15,63.29,62.77,58.05,48.09,,,,,
P486,49.99980582524272,9.999400274230423,66.21,60.95,62.0,52.01,62.0,56.74,60.95,64.63,51.49,49.91,56.74,64.63,57.8,63.58,60.43,51.49,59.37,63.58,24.14,35.71,46.23,37.29,46.23,40.97,55.17,55.69,59.37,49.38,38.34,46.23,42.02,51.49,50.43,39.39,62.0,48.86,43.6,51.49,43.6,54.11,19.93,48.86,39.92,51.49,48.86,54.11,49.38,55.17,47.28,52.54,50.43,46.23,48.86,50.43,50.43,53.06,53.06,39.92,43.6,48.86,40.97,54.11,55.17,56.74,49.38,19.93,56.74,49.91,43.6,54.64,25.19,46.75,46.23,38.34,38.86,57.27,57.8,22.56,46.23,46.23,54.11,45.18,40.97,57.8,30.45,22.56,52.01,53.59,54.11,63.05,53.06,59.9,55.69,53.59,56.74,55.17,60.95,58.32,56.74,55.69,62.0,51.49,51.49,,,,,,
P494,49.99922330097088,10.00021467311934,61.55,62.15,63.35,61.55,65.15,59.75,63.35,55.54,56.74,55.54,59.15,67.55,63.35,58.55,64.55,64.55,57.35,60.35,43.53,36.33,34.53,54.94,25.52,43.53,29.72,47.74,54.94,37.53,40.53,28.52,44.74,48.94,52.54,52.54,36.33,28.52,38.13,55.54,28.52,46.54,53.14,46.54,54.34,25.52,51.34,54.94,43.53,43.53,46.54,49.54,46.54,47.14,39.93,48.94,50.14,52.54,51.34,31.53,43.53,34.53,34.53,45.34,50.14,56.14,43.53,40.53,56.14,52.54,54.94,50.74,49.54,56.74,46.54,43.53,43.53,34.53,48.94,50.14,56.14,50.14,41.13,57.35,34.53,52.54,37.53,59.75,55.54,61.55,55.54,61.55,57.95,56.74,54.34,58.55,63.35,60.95,56.74,57.35,57.35,53.74,56.74,53.74,56.14,,,,,,
P497,50.00057692307693,9.999759591957098,65.83,61.81,62.81,65.83,61.81,64.82,60.8,62.31,62.81,65.32,55.28,64.82,59.3,58.8,57.29,56.28,59.8,64.82,64.82,63.82,57.79,59.8,58.8,60.3,39.71,44.73,42.72,52.27,43.22,41.72,34.69,35.69,46.24,48.25,39.71,48.75,50.26,34.69,47.24,40.71,55.28,48.75,51.26,52.77,50.76,33.68,48.25,64.32,48.25,49.75,39.71,29.66,55.78,42.72,39.21,45.74,48.25,45.23,34.69,55.28,37.2,52.27,34.69,49.75,38.7,54.78,34.69,41.72,48.75,40.21,49.75,42.22,37.2,55.28,29.66,38.7,29.66,52.77,56.79,55.78,45.74,34.69,60.3,46.74,49.25,38.2,42.72,38.2,50.26,40.71,59.3,57.79,54.78,56.28,42.72,58.8,54.27,57.29,60.8,58.29,57.79,59.8,56.79,32.17,,,,,
P506,49.99913461538461,10.000343208729506,63.0,65.26,65.26,63.0,62.25,59.99,63.0,63.75,66.01,56.23,63.0,62.25,48.71,56.23,55.48,66.01,67.51,41.19,43.45,45.7,52.47,48.71,63.0,53.22,56.23,56.98,37.43,39.69,42.7,49.46,50.22,44.2,39.69,26.9,54.73,47.21,52.47,37.43,48.71,28.41,28.41,50.97,50.22,39.69,43.45,42.7,40.44,41.19,36.68,50.22,51.72,52.47,37.43,43.45,28.41,41.94,41.19,38.18,44.2,53.98,56.98,53.98,28.41,44.95,35.93,35.93,44.2,47.21,35.93,28.41,45.7,47.21,47.21,53.98,40.44,42.7,38.18,56.98,47.21,61.5,56.98,50.97,53.22,56.23,48.71,53.98,59.24,49.46,59.99,54.73,63.75,53.98,52.47,61.5,59.99,62.25,51.72,63.0,55.48,59.99,50.97,55.48,60.74,47.96,,,,,
P511,49.79588235294118,9.831365783762749,73.68,65.08,67.95,62.21,67.95,62.21,62.21,65.08,56.48,53.62,62.21,45.02,53.62,70.81,53.62,59.35,42.15,42.15,39.29,36.42,39.29,56.48,50.75,50.75,45.02,36.42,45.02,30.69,45.02,39.29,53.62,36.42,45.02,39.29,62.21,59.35,39.29,50.75,50.75,45.02,42.15,42.15,56.48,36.42,39.29,59.35,45.02,36.42,39.29,39.29,45.02,45.02,53.62,36.42,39.29,50.75,47.89,56.48,33.56,33.56,36.42,50.75,56.48,56.48,36.42,39.29,56.48,42.15,36.42,42.15,39.29,45.02,53.62,53.62,36.42,33.56,53.62,39.29,45.02,53.62,50.75,59.35,53.62,59.35,53.62,50.75,59.35,53.62,50.75,50.75,53.62,53.62,56.48,56.48,56.48,67.95,56.48,59.35,59.35,56.48,62.21,53.62,,,,,,,
P513,49.970776699029116,9.975864667356534,62.49,54.52,63.82,59.83,63.15,63.82,64.48,54.52,57.84,55.18,53.86,59.17,54.52,63.15,48.54,53.19,62.49,59.83,55.18,47.21,51.2,52.53,43.23,46.55,43.89,37.25,43.89,45.22,46.55,60.5,53.86,38.58,53.86,44.56,61.16,33.27,29.95,41.24,30.61,54.52,47.88,53.86,47.21,53.86,40.57,39.91,44.56,29.29,31.94,54.52,30.61,41.9,53.19,42.57,51.86,4.05,54.52,56.51,43.89,48.54,43.89,46.55,59.17,59.17,46.55,42.57,52.53,46.55,44.56,40.57,45.22,30.61,42.57,50.54,44.56,31.28,49.21,40.57,49.21,52.53,55.85,56.83,59.83,57.84,60.5,49.87,61.82,52.53,47.21,46.55,55.18,58.5,49.21,58.5,59.17,59.83,63.15,63.82,59.17,57.18,50.54,51.86,53.19,,,,,,
P526,50.0,10.000127842320072,64.66,53.75,61.69,61.69,59.7,59.7,61.69,65.66,59.7,46.8,57.72,60.69,55.73,53.75,54.74,56.73,54.74,45.81,55.73,50.77,52.76,50.77,54.74,43.82,49.78,41.84,60.69,29.93,45.81,29.93,49.78,39.86,49.78,46.8,49.78,54.74,54.74,46.8,45.81,60.69,50.77,49.78,56.73,53.75,34.89,52.76,39.86,34.89,45.81,42.83,29.93,29.93,48.79,52.76,51.76,51.76,29.93,20.01,44.82,53.75,59.7,44.82,29.93,45.81,56.73,34.89,29.93,58.71,67.64,51.76,63.67,29.93,57.72,46.8,51.76,55.73,46.8,46.8,49.78,55.73,43.82,57.72,49.78,44.82,60.69,59.7,47.79,51.76,63.67,58.71,49.78,41.84,47.79,48.79,59.7,59.7,42.83,52.76,58.71,61.69,55.73,51.76,20.01,,,,,,
P549,49.999705882352934,9.999871430448973,68.08,56.32,56.76,56.76,63.72,57.63,59.37,59.37,56.76,61.11,60.68,61.11,55.45,65.03,33.26,55.02,30.64,37.17,33.69,55.89,35.87,40.22,45.88,37.17,47.62,46.75,38.04,56.32,48.05,44.57,41.09,38.04,62.42,55.02,56.32,55.45,29.34,53.71,52.84,31.51,47.18,53.71,50.23,47.18,40.22,51.1,50.67,52.84,37.17,46.31,35.87,47.62,55.45,51.1,45.44,59.37,53.28,43.7,30.21,49.79,34.56,32.82,60.24,33.26,30.21,57.19,30.21,54.15,29.77,37.61,54.15,54.58,55.02,35.87,45.01,31.08,55.02,55.89,53.28,57.63,58.94,55.02,56.32,55.45,55.02,56.76,55.45,53.28,57.63,54.15,59.37,52.84,53.28,59.37,59.81,55.02,60.68,58.5,63.29,59.37,57.19,57.19,,,,,,,
P555,50.0,10.00014825132826,60.18,64.13,60.84,62.82,59.52,69.4,63.47,64.13,60.84,62.82,61.5,63.47,61.5,58.21,59.52,64.79,60.18,55.57,56.89,55.57,55.57,60.84,61.5,47.67,33.18,36.48,33.84,48.33,55.57,51.62,33.18,43.06,51.62,41.09,39.77,36.48,42.4,50.96,50.96,39.77,45.04,46.35,56.23,43.06,51.62,39.77,33.18,29.89,56.89,46.35,50.96,39.77,47.67,54.26,43.06,41.74,31.87,56.23,33.18,61.5,33.18,50.96,36.48,58.86,38.45,45.04,54.91,46.35,53.6,47.01,41.74,29.89,35.16,32.52,58.21,29.89,49.65,33.18,48.33,57.55,50.96,57.55,48.99,46.35,43.06,36.48,51.62,45.69,46.35,54.91,59.52,52.94,55.57,53.6,56.23,57.55,60.18,54.26,52.94,56.23,61.5,53.6,60.84,54.26,,,,,
P571,50.047809523809526,9.971619436888835,57.87,57.87,57.17,64.18,57.17,57.87,57.17,64.88,58.57,55.77,50.86,69.79,63.48,59.97,66.98,50.86,54.37,55.07,57.87,69.09,34.04,57.87,45.95,53.67,56.47,52.96,43.15,46.75,44.55,57.87,42.45,26.33,45.95,48.76,55.77,41.05,30.53,45.25,45.95,43.15,31.94,41.05,58.57,52.26,51.56,56.47,59.27,43.85,30.53,30.53,41.75,40.35,41.05,54.37,42.45,52.26,43.15,50.86,41.05,54.37,28.43,54.37,45.25,57.17,57.87,47.36,45.25,38.95,48.76,52.26,24.93,52.96,40.35,48.76,51.56,50.86,49.46,26.33,58.57,48.76,41.75,56.47,19.32,43.85,57.17,36.84,55.77,57.17,56.47,61.38,48.76,52.96,63.48,57.87,55.77,55.77,55.07,52.26,52.26,57.17,57.87,57.17,57.17,53.67,40.35,,,,
P573,50.0,9.999424310352149,58.61,70.23,53.72,60.45,64.12,66.56,58.61,52.5,67.79,58.0,61.06,53.72,53.11,65.95,54.94,62.28,54.94,70.23,58.0,59.22,65.34,65.95,56.78,38.43,50.66,54.33,50.66,45.77,51.89,53.11,51.89,52.5,36.6,51.89,31.1,31.71,39.66,36.6,37.21,48.83,38.43,49.44,46.38,51.28,36.6,57.39,39.05,45.77,45.77,32.32,52.5,48.83,51.28,33.54,38.43,52.5,36.6,30.49,51.89,39.66,51.28,47.61,51.28,57.39,47.61,55.56,42.71,54.94,52.5,33.54,33.54,30.49,57.39,42.1,57.39,35.99,54.33,45.16,39.66,37.82,51.89,30.49,57.39,37.21,34.77,51.89,36.6,47.0,54.94,50.66,63.5,58.0,54.33,53.11,56.78,52.5,62.89,59.22,51.89,51.28,51.89,44.55,57.39,54.94,63.5,,,,
P576,49.999611650485434,10.000979356193081,68.12,69.36,67.5,64.4,61.31,63.16,66.88,58.21,63.16,53.88,65.64,58.21,65.02,63.16,69.36,66.26,61.31,67.5,40.87,44.59,47.07,37.16,54.5,44.59,30.97,45.83,55.73,38.4,40.87,35.92,53.26,47.07,42.11,42.73,33.44,55.12,47.69,53.26,41.49,50.78,48.92,42.73,36.54,33.44,60.69,50.16,50.16,43.35,43.35,51.4,36.54,54.5,56.35,42.11,47.07,50.16,45.83,33.44,43.35,30.35,36.54,54.5,30.35,40.87,48.3,42.11,54.5,30.35,54.5,53.88,52.02,27.25,48.92,52.64,43.97,55.73,61.31,40.87,45.83,50.78,53.88,47.69,59.45,43.97,48.92,37.78,56.97,50.16,48.3,47.07,54.5,59.45,54.5,42.11,61.31,60.69,47.07,48.92,58.21,55.12,54.5,48.92,48.92,,,,,,
P580,50.00028846153846,9.999746254715692,70.58,63.93,58.48,62.71,59.69,59.08,62.71,65.74,56.66,56.66,57.27,61.5,60.29,55.45,60.29,58.48,56.66,62.11,56.05,53.03,61.5,56.66,55.45,63.32,50.61,56.66,54.84,59.69,51.82,47.58,45.76,50.0,51.82,49.39,45.16,53.63,27.6,39.71,50.61,30.63,46.97,36.68,50.0,43.95,51.21,39.71,47.58,39.71,24.57,45.16,50.0,36.68,41.52,36.68,25.18,33.65,62.71,36.68,47.58,56.05,33.65,42.73,27.6,61.5,52.42,39.71,40.92,51.82,48.79,47.58,30.63,59.08,50.0,30.63,43.34,44.55,36.68,53.63,50.61,41.52,45.76,45.76,40.92,36.68,53.63,59.69,51.82,46.97,54.84,54.24,57.27,53.03,53.63,39.71,60.9,56.66,59.69,51.82,53.63,66.35,56.66,58.48,53.63,48.79,,,,,
P587,49.99941747572816,10.000553889095903,67.56,61.47,64.01,62.49,60.46,55.39,59.45,63.5,58.94,57.42,63.5,60.97,66.55,56.4,61.98,63.5,61.98,63.5,56.4,58.43,42.2,44.74,37.13,42.2,58.43,34.59,49.81,57.42,39.66,42.2,41.18,43.72,41.18,60.97,45.75,42.2,46.26,63.5,59.45,37.13,58.43,46.26,42.2,36.11,52.34,43.21,45.24,57.42,44.74,44.23,49.3,32.05,43.72,41.18,36.11,50.31,54.88,42.2,45.24,34.08,57.42,47.27,44.23,26.98,49.81,28.0,26.98,47.27,39.66,37.13,54.88,51.33,48.79,39.66,48.79,43.21,49.3,56.4,42.2,40.17,41.18,46.26,55.89,62.49,47.27,50.31,63.0,37.13,59.45,49.81,61.47,60.46,52.34,26.98,57.42,53.36,59.95,51.33,65.02,52.34,54.37,57.42,52.34,,,,,,
P592,50.00009708737864,10.000019068133353,63.54,68.39,64.75,65.36,59.89,59.89,54.43,60.5,58.07,59.29,58.68,67.78,65.36,58.68,60.5,56.86,67.18,65.96,54.43,45.93,42.29,46.54,38.04,38.65,31.37,56.25,50.18,49.58,47.75,48.36,55.04,47.15,54.43,35.62,47.75,47.15,50.79,47.15,29.55,30.76,56.25,30.15,48.97,51.4,32.58,48.97,46.54,47.75,55.65,41.08,37.44,49.58,38.04,44.11,45.93,56.86,53.22,36.83,53.22,51.4,56.86,47.75,33.8,52.61,42.9,38.04,48.36,58.07,45.33,21.66,44.11,53.22,55.65,36.83,52.0,56.86,31.37,45.93,52.61,36.83,29.55,27.12,43.51,50.79,50.79,57.47,52.61,64.14,52.0,55.65,53.22,61.71,59.29,56.86,55.04,58.68,51.4,55.04,56.25,50.79,53.82,53.22,54.43,,,,,,
P601,49.86436893203883,9.77609185215495,71.65,69.55,59.05,66.05,59.05,66.05,62.55,63.25,56.25,56.25,63.25,56.95,62.55,58.35,50.65,54.85,50.65,45.05,57.65,47.85,49.95,45.75,34.55,59.05,41.55,42.95,27.55,61.15,43.65,45.05,44.35,50.65,54.15,45.05,39.45,48.55,56.95,43.65,52.75,57.65,52.05,50.65,47.15,34.55,48.55,35.95,49.95,47.15,51.35,53.45,41.55,48.03,39.45,33.85,52.05,44.35,52.05,60.45,54.15,54.15,59.05,33.15,46.55,47.85,49.25,32.45,34.55,41.55,50.65,57.65,34.55,33.85,33.15,42.25,34.55,63.95,47.15,52.75,47.85,65.35,47.85,48.55,42.95,52.05,33.15,34.55,61.15,27.55,40.85,38.75,56.25,51.35,57.65,54.15,56.95,47.85,54.15,59.05,57.65,62.55,54.15,59.05,56.95,,,,,,
P615,50.000096153846165,10.000740506096353,64.62,63.11,62.11,64.11,66.62,61.1,51.06,64.11,61.1,67.13,60.1,55.58,57.59,59.6,55.58,55.58,65.12,56.08,56.08,65.12,62.11,54.58,47.55,50.56,49.56,60.6,41.52,30.48,33.49,42.53,52.57,46.54,46.04,29.48,41.52,58.59,47.05,45.54,42.03,45.54,42.53,35.5,55.08,46.54,50.06,60.1,44.54,47.55,51.56,44.54,26.46,54.58,56.08,47.55,40.52,54.58,46.54,34.5,48.55,50.56,49.05,30.48,48.55,31.99,54.58,40.52,43.53,37.51,54.58,31.48,26.46,46.54,46.54,49.05,56.08,45.54,57.59,49.56,26.46,55.58,56.08,39.52,41.52,36.5,47.55,36.5,48.55,56.08,52.57,54.58,58.59,48.55,63.11,53.07,63.11,58.59,64.62,61.1,53.57,56.08,55.58,54.58,39.52,41.52,,,,,
P625,49.99903846153847,9.999551982122327,59.74,55.11,58.58,62.64,60.9,57.42,56.84,56.84,59.74,53.95,59.74,59.74,56.84,60.32,60.9,59.74,57.42,56.84,56.84,57.42,49.31,53.95,43.52,40.63,46.42,52.21,53.95,55.11,40.63,49.31,46.42,40.63,46.42,40.63,55.69,57.42,51.05,56.84,14.56,38.89,56.84,52.21,53.37,29.04,40.63,57.42,31.94,40.63,17.46,34.84,55.69,43.52,46.42,37.73,46.42,56.84,37.73,52.79,43.52,49.31,53.95,40.63,46.42,43.52,59.16,55.69,51.05,17.46,49.31,56.84,34.84,52.21,40.63,43.52,34.84,43.52,46.42,58.0,23.25,48.16,49.31,46.42,56.84,37.73,53.95,56.84,51.05,58.58,57.42,59.74,59.16,56.84,55.11,57.42,56.26,52.21,60.9,57.42,57.42,57.42,56.84,51.05,56.84,52.21,,,,,
P632,50.00009615384616,10.000383632951221,59.7,55.98,61.56,53.18,59.23,60.17,60.17,56.44,60.63,60.17,61.1,54.58,61.1,61.1,59.7,57.84,61.1,59.23,55.04,58.77,58.77,46.67,38.29,50.86,51.79,53.65,53.65,43.87,49.46,37.35,53.18,32.23,43.87,41.54,50.39,43.87,41.54,35.49,58.77,58.3,29.91,49.92,50.86,55.51,57.37,34.56,56.91,55.04,41.54,54.58,34.56,35.03,33.63,46.2,57.84,34.56,54.11,45.73,54.58,35.96,29.91,56.91,39.22,55.51,42.01,55.98,49.46,55.04,55.04,50.39,29.91,56.44,48.99,42.94,49.92,25.25,34.56,41.54,56.91,51.79,43.87,32.23,55.98,34.56,48.53,55.98,56.44,50.86,60.63,59.7,50.39,56.44,56.91,60.17,58.3,54.11,61.1,54.11,60.17,55.98,55.04,61.56,25.25,25.25,,,,,
P635,50.0,10.000313198978816,72.36,68.92,62.03,59.27,71.67,69.6,59.96,71.67,54.45,49.63,45.5,57.9,69.6,55.14,44.12,51.7,44.81,55.14,46.87,60.65,49.63,42.74,36.54,48.94,36.54,48.25,46.87,36.54,30.34,53.07,46.87,45.5,52.38,54.45,51.01,53.07,33.1,59.27,42.05,60.65,48.94,46.19,53.07,52.38,29.65,38.61,31.72,50.32,53.76,55.14,47.56,33.1,38.61,46.19,55.14,59.96,50.32,43.43,48.94,44.12,57.9,31.03,50.32,37.92,53.07,31.72,43.43,48.94,48.25,46.87,62.03,51.01,46.19,47.56,31.72,35.85,51.7,38.61,48.94,43.43,46.87,43.43,51.7,46.87,57.21,48.94,29.65,44.81,61.34,48.25,66.16,56.52,41.36,65.47,50.32,58.58,64.78,63.41,49.63,54.45,46.19,57.21,61.34,53.07,,,,,
P654,49.99572815533981,9.999780742884724,66.05,66.65,63.05,66.05,57.05,63.05,54.65,60.65,58.25,70.86,53.45,69.65,69.05,57.05,63.65,57.65,66.65,58.25,58.25,61.25,56.45,33.05,36.05,48.05,36.05,37.85,62.45,49.85,34.85,46.85,56.45,36.05,37.85,45.65,36.05,49.25,50.45,42.05,36.65,42.65,33.05,43.85,48.05,33.05,40.25,48.65,45.05,33.05,51.05,56.45,46.25,42.05,47.45,51.05,43.25,36.65,40.25,39.05,39.05,39.05,53.45,46.25,50.45,33.05,50.45,51.65,46.25,51.65,53.45,48.65,48.65,37.85,45.65,52.85,65.45,51.05,45.65,46.25,36.65,33.05,52.25,50.45,51.65,40.85,51.05,33.05,63.65,45.65,42.05,54.65,61.85,60.65,57.05,55.25,52.85,51.05,63.65,55.25,57.05,55.25,58.25,52.85,62.45,,,,,,
P658,50.000097087378634,10.000540916267111,67.51,67.04,62.84,67.51,62.37,62.37,60.97,64.24,59.57,57.23,61.44,65.64,60.03,57.7,59.57,63.3,31.08,41.82,38.08,37.15,55.83,38.08,31.08,35.75,45.09,41.82,41.35,38.08,45.56,38.08,46.96,42.75,54.9,48.36,31.08,48.36,50.23,48.36,53.96,42.75,55.36,33.41,35.75,46.49,46.49,54.43,28.74,43.69,51.16,49.76,31.08,55.83,50.23,34.35,56.3,42.75,52.56,45.09,51.16,49.76,53.96,46.96,42.75,48.36,48.83,30.14,31.54,49.76,31.08,49.76,46.49,45.56,35.75,53.5,39.48,58.17,55.83,61.44,33.41,57.7,51.16,53.03,56.77,53.03,56.3,60.03,61.9,55.36,56.77,50.23,52.56,62.84,49.76,56.3,56.3,63.3,52.09,54.9,59.57,58.17,60.03,57.23,51.63,,,,,,
P672,50.00009615384616,10.000276452022627,62.81,59.59,56.37,57.44,68.19,61.2,57.44,55.83,63.89,59.59,60.13,57.98,60.13,63.89,60.13,65.5,58.52,54.76,52.07,27.9,40.25,33.27,52.07,46.7,56.37,38.1,52.07,40.25,52.07,27.9,45.09,38.64,33.27,39.72,48.31,46.7,40.25,38.64,49.39,25.21,45.63,44.01,46.7,49.39,30.58,47.77,59.59,38.64,54.76,52.07,35.96,41.33,57.44,41.33,57.44,55.83,52.07,46.7,34.88,49.39,57.44,38.64,49.39,60.13,51.53,53.15,49.39,53.15,38.64,33.27,34.88,53.15,27.9,52.61,51.0,48.31,60.13,33.27,30.58,44.01,52.07,41.33,55.83,55.83,54.76,49.39,57.44,53.68,55.83,54.76,50.46,61.74,51.0,52.07,54.76,57.44,53.15,60.67,57.98,73.56,61.2,58.52,54.76,52.07,,,,,
P676,50.000476190476185,9.999190773118398,60.76,60.76,60.21,59.65,62.44,59.09,55.75,55.19,57.98,51.29,61.32,54.64,61.88,57.42,57.42,58.54,57.98,52.41,61.32,54.64,54.64,51.29,56.31,62.99,46.84,18.98,52.41,41.27,41.27,46.84,50.18,38.48,63.55,41.27,52.41,57.98,54.64,50.74,53.52,46.84,58.54,51.85,24.56,47.95,35.7,51.85,52.97,47.95,55.19,47.4,56.87,55.75,52.41,50.18,49.62,51.85,56.87,32.91,56.87,55.75,24.56,18.98,46.84,44.05,50.18,47.95,56.31,49.62,56.31,41.27,46.84,49.07,43.5,32.91,59.09,44.05,44.05,30.13,56.87,52.97,41.27,35.7,44.05,51.29,41.27,24.56,47.4,50.74,54.08,30.13,44.05,50.18,24.56,56.87,52.97,51.29,54.08,59.65,55.19,61.32,57.98,57.42,59.65,59.65,52.97,,,,
P704,50.00076923076923,10.000148415627542,66.78,56.15,61.18,59.51,63.98,63.98,60.06,60.62,56.71,63.98,58.39,63.98,61.18,25.36,62.86,55.59,48.31,33.2,55.59,59.51,48.87,27.6,52.23,22.0,51.11,19.2,48.31,33.76,46.63,42.71,60.06,45.51,56.15,34.32,52.23,46.07,40.47,33.76,50.55,46.07,54.47,51.67,32.08,47.75,51.67,59.51,58.39,38.79,51.67,54.47,46.07,46.63,30.4,44.39,30.4,48.87,50.55,54.47,41.59,46.63,39.35,54.47,55.03,40.47,49.99,39.35,43.27,58.95,51.11,36.0,56.15,51.11,49.43,51.67,51.67,51.67,58.39,59.51,39.91,59.51,38.79,51.11,59.51,54.47,47.19,51.67,46.63,58.39,57.83,56.15,50.55,56.71,59.51,62.86,48.31,36.56,59.51,47.75,55.59,59.51,54.47,60.06,49.43,45.51,,,,,
P732,49.95285714285714,9.928894093104626,68.18,61.54,64.86,59.88,60.99,57.66,59.33,64.86,55.45,61.54,53.79,56.56,65.97,55.45,57.66,63.75,61.54,49.92,46.04,58.77,55.45,34.97,62.07,59.33,53.24,31.1,45.49,37.74,42.17,38.85,29.44,23.35,50.47,34.42,39.4,56.56,60.43,47.15,38.85,46.04,36.63,45.49,53.79,37.74,42.17,43.83,38.29,48.26,52.68,51.02,38.29,44.38,35.52,50.47,59.33,47.7,52.68,52.68,55.45,50.47,38.85,31.65,37.74,46.59,53.79,57.66,29.44,32.76,51.02,50.47,40.51,34.97,54.9,37.74,53.24,52.13,48.81,58.77,42.72,33.86,48.26,40.51,49.36,37.19,52.13,39.95,55.45,62.09,57.11,62.65,50.47,61.54,60.43,57.11,53.79,55.45,53.79,55.45,57.11,52.13,60.99,53.79,63.75,53.24,56.56,,,,
P753,50.00096153846154,10.00048615509827,60.09,58.17,58.17,58.17,52.39,56.24,59.13,62.02,42.76,55.28,55.28,54.32,63.95,69.73,43.72,50.46,57.21,44.68,36.02,10.01,46.61,43.72,54.32,38.91,51.43,44.68,30.24,46.61,48.54,55.28,54.32,41.8,38.91,50.46,53.35,58.17,36.02,52.39,45.65,55.28,63.95,36.02,50.46,38.91,50.46,53.35,43.72,16.75,54.32,47.57,44.68,54.32,43.72,53.35,48.54,47.57,40.83,55.28,41.8,35.05,53.35,48.54,50.46,40.83,54.32,30.24,48.54,38.91,53.35,52.39,56.24,59.13,55.28,51.43,45.65,54.32,52.39,51.43,59.13,57.21,57.21,58.17,63.95,45.65,53.35,57.21,54.32,56.24,53.35,57.21,49.5,52.39,48.54,60.09,50.46,54.32,48.54,50.46,62.02,55.28,54.32,52.39,66.84,10.01,,,,,
P756,49.97076923076923,9.962042884452236,64.44,70.39,59.69,57.31,64.44,66.82,60.88,56.72,57.31,59.69,54.93,65.63,64.44,64.44,56.72,47.8,47.8,44.83,52.55,26.99,47.8,57.91,51.96,50.77,38.88,47.8,53.74,50.18,48.39,43.04,48.99,43.64,50.77,53.74,41.85,54.93,55.53,44.83,44.83,35.91,55.53,48.99,38.88,47.8,48.99,54.93,22.83,48.39,49.58,46.02,56.12,46.61,35.91,56.72,61.44,43.64,47.8,41.85,47.8,41.85,38.88,57.31,51.37,38.29,47.8,29.97,57.31,53.74,55.53,46.61,26.99,35.91,39.48,53.74,51.37,52.55,59.69,35.91,50.77,18.08,53.74,55.53,52.55,47.8,54.34,18.08,44.83,41.26,41.85,62.66,62.66,44.83,49.58,58.5,57.91,48.99,59.09,57.91,59.69,53.74,54.93,53.74,53.74,56.72,,,,,
P758,49.99990384615384,10.001019996057325,64.07,59.75,55.44,60.37,63.45,63.45,60.37,61.6,64.68,67.76,66.53,64.07,30.16,62.22,55.44,59.13,45.57,46.8,30.78,46.8,29.54,46.19,31.39,35.09,40.02,42.49,41.87,41.87,53.59,59.13,33.86,48.04,60.37,64.07,44.34,41.87,31.39,48.04,47.42,56.05,40.02,58.52,56.67,44.34,41.87,58.52,35.71,55.44,54.82,43.72,56.67,39.41,34.48,43.72,36.33,31.39,38.17,49.27,51.74,41.26,54.2,40.64,50.5,53.59,39.41,44.34,38.17,56.05,53.59,61.6,54.82,41.87,47.42,46.19,53.59,43.11,56.67,59.13,36.33,38.79,51.12,35.09,43.72,52.35,46.8,55.44,62.22,58.52,41.87,54.82,52.97,60.37,58.52,43.11,54.82,52.35,59.13,62.83,64.07,64.68,58.52,49.27,52.97,57.28,,,,,
P767,49.999903846153856,9.999992475258558,63.68,62.15,64.69,68.77,62.66,62.15,62.66,57.56,61.64,69.79,59.09,61.64,55.02,68.26,61.64,57.56,40.75,50.94,58.58,48.39,44.32,66.73,43.3,42.28,53.49,35.66,33.62,41.26,50.43,47.88,35.15,42.79,32.09,49.92,54.51,49.92,43.3,48.9,49.92,50.43,38.21,48.9,52.98,55.52,57.56,50.94,45.85,44.32,62.15,38.71,52.98,59.6,46.36,49.92,52.98,29.04,44.83,35.66,29.04,52.47,56.03,50.43,55.52,32.6,51.45,45.85,31.07,51.96,54.0,50.94,30.06,40.24,45.34,44.32,51.45,34.13,50.43,47.37,56.03,44.32,38.71,37.7,48.39,48.9,60.62,40.24,34.64,41.26,28.53,39.73,43.3,52.98,61.64,58.07,53.49,55.52,58.07,58.58,57.56,62.66,57.56,59.09,57.56,60.11,,,,,
